Business Name,Business Address,Contact Name,Contact Phone,Website URL
Thoughtful Integrations,"535 Talbert Drive, Suite 201, Plano TX, 75093  ",Steve Sigel,214-396-6290,http://www.thoughtfulintegrations.com
Spectrum Community Solutions,"400 Washington Blvd, Stamford CT, 06902  ",Christina Sedrak-Soliman,203-705-5608,
Yes Installation: Audio-Video-Security-Automation,"18383 Preston Rd, #202, Dallas TX, 75252  ",Brian Guerra,214-702-8427,http://www.yesinstallation.com
"Custom Media, Inc.","500 N. Kimball, Suite 106, Southlake TX, 76092  ",Aaron Cantrell,972-712-5295,https://www.dfwcustommedia.com/
Siemens Industry,"501 Fountain Pkwy, Grand Prarie TX, 75050  ",Sara Nolan,402-575-7639,https://new.siemens.com/us/en/products/energy/low-voltage/residential-solutions.html
Cody Crossland,"535 Talbert Drive, Suite 201, Plano TX, 75093  ",Thoughtful Integrations,214-498-9296,http://www.thoughtfulintegrations.com/
Black Level AV,"400 Cattle Barron Dr, Rockwall TX, 75032  ",Jeff Skinner,972-849-1041,http://www.blacklevelav.com
Nextlink Internet,"95 Parker Oaks Ln, Hudson Oaks TX, 76087  ",Taylor Beavers,855-698-5465,http://www.nextlinkinternet.com
Bravas,"5908 Stone Creek #110, The Colony TX, 75056  ",Jeff Halloran,972-529-4470,http://www.bravas.com
"Texas Integration, LLC","5706 E Mockingbird Ln, Ste 115-374, Dallas TX, 75206  ",Ed Childs,214-351-1920,
Bell and McCoy,"7210 N Loop E Fwy, Houston TX, 77028  ",Corey Mannie,832-798-1772,http://bellandmccoy.com/
Eco High Fidelity,"2435 N. Central Expy (12th Floor), Richardson TX, 75080  ",Tom Kissell,469-258-7249,http://Ecohighfidelity.com
Cornerstone Control Systems,"2100 N. Highway 360 Suite 1806, Grand Prairie TX, 75050  ",Daren Hoeffner,866-520-7503,
Tyler Douglas,"122 Rose Lane, Ste #J3, Frisco TX, 75078  ",Simpele LLC,469-215-1955,http://www.simpele.co/
Gene Johnson Graphic Arts,"426 Seagle, Tyler TX, 75701  ",Gene Johnson,903-595-5665,http://www.homerenderings.net
Star Companies,"15340 Dallas Parkway, Dallas TX, 75248  ",Brandi Thompson,214-545-0181,http://starcompanies.us
HomeKey Systems,"1 N 1st Street, Ste 600, Phoenix AZ, 85004  ",Steve Snoddy,602-297-7663,http://www.gethomekey.com/
Nix Door and Hardware,"921 East Waggoman St., Fort Worth TX, 76110  ",Greg Spears,817-920-9221,
Optimum,"5830 Granite Pkwy 6th Floor, Plano TX, 75056  ",Matthew Welch,469-576-0614,
In Phase Audio LLC,"3521 Cabriolet Court, Plano TX, 75023  ",Kevin Tuggle,214-499-7466,
"Maverick Water Group, LLC","611 W 22nd St, Ste 201, Houston TX, 77008  ",Wesley Whitney,281-813-3864,http://www.maverickwater.com
Galactic Audio Video,"2720 Country Club Rd, Ste 5, Allen TX, 75002  ",Michael Mothersell,469-463-9072,http://www.galacticaudiovideo.com
HomePro,"1325 Capital Parkway, Carrollton TX, 75006  ",Kendall Goshorn,972-245-5777,https://homeprotech.com/
WH SmartHome LLC,"450 Century Parkway, Ste 250, Allen TX, 75013  ",Johann Whitehouse,972-521-1208,https://whsmarthome.com
Simpele LLC,"122 Rose Lane, Ste #J3, Frisco TX, 75078  ",Kent Freeman,855-746-7353,http://www.simpele.co
Green Electronic Solutions,"3205 Century Dr., Rowlett TX, 75088  ",Jack Green,972-475-9396,http://www.greenelectronicsolutions.com/
StruxCo,"8330 LBJ Freeway, Ste 604, Dallas TX, 75243  ",Joshua Palladeno Hamilton,469-461-4001,http://struxco.com
Huffines Commercial Sales,"1001 Coit Road, Plano TX, 75075",Mike Stubbs,972-867-4000,https://www.loc8nearme.com/texas/plano/huffines-chevrolet-plano/4465777/
Woodmont Cabinetry,"3444 Morse Drive, Dallas TX, 75236  ",Gene Eichenseer,469-916-5350,
Shower Doors of Dallas,"1730 N. Greenville Ave, Richardson TX, 75081  ",Andrew Kabanek,214-530-5483,http://www.GoFrameless.com
Wesley Cooper,"6308 Eden Dr, Haltom City TX, 76117  ",Choice Stone LLC,817-222-2201,http://www.choicestone.net
"Republic Elite Multifamily Interiors, LLC","15167 Business Avenue, Addison TX, 75001  ",Adam Sumrow,972-606-9667,
Fashion Glass & Mirror,"585 South Interstate 35E, DeSoto TX, 75115  ",Mike Poe,972-223-8936,http://www.fashionglass.com
bathtubs.com / American Acrylic,"419 Welch Dr, Farmersville TX, 75442  ",Stacy Price,972-784-7759,http://www.bathtubs.com
Gatsby Glass,"104 Business Park Way, Suite 420, McKinney TX, 75071  ",Mark Power,214-301-0355,https://gatsbyglass.com/greater-mckinney-texas/
Ada Maynor,"6308 Eden Dr, Haltom City TX, 76117  ",Choice Stone LLC,817-564-1419,http://www.choicestone.net
Chandler Cabinets Inc.,"1110 JC Lane, Pilot Point TX, 76258  ",Josh Chandler,940-686-5770,http://chandlercabinets.net/
Texas Counter Fitters,"909 N Bowser Rd, Richardson TX, 76080  ",Christopher T. Blackburn,214-748-1313,https://texascounterfitters.com/
Skyline Cabinetry,"12301 N Stemmons Fwy, Farmers Branch TX, 75234  ",Chunbo Zhang,682-365-8135,https://www.skylinecabinetry.com
Arrow Mirror and Glass,"P.O. Box 40697, Houston TX, 77040  ",Kerry Pollard,214-763-0107,
Alexa Price,"602 Fawn Trail, Tioga TX, 76271  ",bathtubs.com / American Acrylic,972-784-7759,http://www.bathtubs.com
Tile Redi,"436 E 36th St, Charlotte NC, 28205  ",Mike Brittner,704-572-7601,http://tileredi.com
Creekside Mirror & Glass LLC,"3811 S US Hwy 287, Waxahachie TX, 75165  ",Steve McCloud,972-617-9805,http://creeksidemirrorandglass.com
Choice Stone LLC,"6308 Eden Dr, Haltom City TX, 76117  ",Cynthia Lam,817-222-2201,http://www.choicestone.net
"Old World Granite & Stone, LLC","8560 US HWY 377, Pilot Point  TX, 76258  ",Tamie Devine,972-488-3787,http://owgs.co
Opal Home LLC,"1234 Medical District Drive, Ste C, Dallas TX, 75207  ",Megan Bond,469-436-7950,http://www.opalhome.com
"TG Cabinets of North Texas, Inc.","PO Box 549, Palmer TX, 75152  ",Tracy W Gibbons,972-449-3230,
Dragon Holdings,"779 W Main St, Coppell TX, 75019  ",Eli Dragon,,http://www.dragonholdings.com
"Terra Verde Group, LLC","Craig Martin, Prosper TX, 75078  ",Tellus Group LLC,972-238-7410,
Michael Joyce Properties,"767 Justin Rd., Rockwall TX, 75087  ",Meredith Joyce,512-694-6394,http://www.michaeljoyceproperties.com
Astra Development,"3625 Hall St Ste 700, Dallas TX, 75219  ",Justin Bono,214-662-5530,http://www.astracompanies.com
Forestar Group,"2221 E. Lamar Blvd, Suite 790 , Arlington TX, 76006  ",Kevin Lazares,214-684-1019,https://www.forestar.com/home/default.aspx
Gail Murphy,"600 N. Pearl #2350 LB149, Dallas TX, 75201  ",Wynne/Jackson Inc.,214-880-8659,
Texas Material Supply,"405 N Collins St, Arlington TX, 76011  ",Khalid Mahmood,469-662-5248,https://texasmaterialsupply.com/
The Shaddock Companies,"William Shaddock, Plano TX, 75093  ",The Shaddock Companies,972-526-7756,
Tesch Development & Management,"2001 Auburn Hills Pkwy, Ste 704, McKinney TX, 75071  ",Robert E Tesch,469-795-6615,http://www.btitexas.com
Siepiela Interests,"12222 Merit Drive, Dallas TX, 75251  ",James Siepiela,972-960-2777,
Colin Huffines,"8222 Douglas Ave. Ste 250, Dallas TX, 75225  ","Huffines Enterprises, Inc.",214-526-3000,
"Tomlin Investments, Ltd.","4265 Kellway Circle, Addison TX, 75001  ",Dan Tomlin III,972-239-0707,http://www.tomlininvestments.com
Ryan Joyce,"767 Justin Rd., Rockwall TX, 75087  ",Michael Joyce Properties,512-965-6280,
Cambridge Companies,"8750 N. Central Expressway, Suite 1735, Dallas TX, 75231  ",Matthew Alexander,214-691-2556,
LandPlan Development,"5850 Granite Parkway, Suite 100, Plano TX, 75024  ",Douglas Mousel,214-618-3800,
Anthony Properties Development,"12770 Coit Rd, Ste 970, Dallas TX, 75251  ",Ross Anthony,972-991-4484,
DFW Land,"6565 N. MacArthur Blvd. #225 , Irving TX, 75039  ",Vijay Borra,972-304-0506,http://www.dfwland.com
Fred Balda,"3000 Turtle Creek Blvd., Dallas TX, 75219  ",Hillwood Communities,972-201-2984,http://www.hillwoodcommunities.com
Wilbow Corporation,"5307 E Mockingbird Lane #900, Dallas TX, 75206  ",Matt Johnson,972-994-1672,
RM2 Developments,"2256 Bells Chapel Rd., Waxahachie TX, 75165  ",Ragen Martinek,214-325-9018,
Johnson Development,"835 E. Lamar Blvd. #254, Arlington TX, 76011  ",Debra Meers,817-200-6543,
V&D Constructions,"5999 Custer Rd., Ste. 110-326, Frisco TX, 75035  ",Vishal Reddy,469-912-0703,
Sunshine Development Group,"9244 Prestmont Pl, Ste 308, Frisco TX, 75035  ",Ningzhi Sun,214-457-9983,
Matthews Southwest,"320 W. Main Street, Lewisville TX, 75057  ",Mary Day,972-221-1199,http://www.matthewssouthwest.com
Tellus Group LLC,"130 N. Preston Rd.  Suite 130 , Prosper TX, 75078  ",David R. Blom,469-532-0689,http://www.windsongranchliving.com
Nicholas Moore,"3000 Turtle Creek Blvd, Dallas TX, 75219  ",Hillwood Communities,214-232-7269,https://www.hillwoodcommunities.com/
"Huffines Communities, Inc.","8200 Douglas Ave., #300, Dallas TX, 75225  ",Phillip Huffines,214-750-1800,https://huffinescommunities.com/
Brookfield Properties,"4835 LBJ Frwy., Ste 690, Dallas TX, 75244  ",Julenne Rushing,972-370-5481,http://www.newlandcommunities.com
"Huffines Enterprises, Inc.","8222 Douglas Ave. Ste 250, Dallas TX, 75225  ",Donald Huffines,214-526-3000,http://www.huffinesenterprises.com
Blue Star Land L.P.,"8000 Warren Pkwy., Ste 100, Frisco , 75034  ",Kerry Harrington,972-867-1886,
Peter Shaddock Jr.,"2400 Dallas Pkwy., Ste 460, Plano TX, 75093  ",The Shaddock Companies,972-526-7700,
Hillwood Communities,"3000 Turtle Creek Blvd., Dallas TX, 75219  ",Diana Carroll,972-201-2811,https://www.hillwoodcommunities.com/
Ladd Holdings,"2727 Routh St., Dallas TX, 75201  ",Bob Ladd,214-651-3020,
Tiffany Darst,"400 East Las Colinas Blvd., Irving TX, 75039  ",Ashlar Development,469-513-5607,
"CSO Land Development, LLC","8301 Lakeview Parkway Ste 111-237, Rowlett TX, 75088  ",Christopher Orr,214-724-9281,http://www.CSOdevelopment.net
Wynne/Jackson Inc.,"600 N. Pearl #2350 LB149, Dallas TX, 75201  ",Franklin Murphy,214-880-8792,http://www.wynnejackson.com
Hillwood Communities,"Andrew Pieper, Dallas TX, 75219  ",Hillwood Communities,972-201-2938,
Shaf Development LLC,"5849 Aylworth Dr., Frisco TX, 75035  ",Faizal Moosa,214-724-0643,https://moosarealtygroup.com/development
The Shaddock Companies,"2400 Dallas Pkwy., Ste 580, Plano TX, 75093  ",Peter Shaddock Sr.,972-985-5505,
Beacon Hill on Cedar Creek Lake,"12900 US Hwy 175, Kemp TX, 75143  ",Joe McGinley,903-498-5253,http://liveatbeaconhill.com/
Ashlar Development,"400 East Las Colinas Blvd., Ste 1075, Irving TX, 75039  ",Steve Yetts,469-513-5601,
Huawei Yin,"3000 Turtle Creek Blvd., Dallas TX, 75219  ",Hillwood Communities,972-201-2813,https://www.hillwoodcommunities.com/
Green Brick Partners,"2805 Dallas Parkway, Suite 400, Plano TX, 75093  ",Jed Dolson,469-573-6755,http://greenbrickpartners.com
RREAF Holdings,"1909 Woodall Rodgers Fwy, Dallas TX, 75204  ",Clark Lundy,214-522-3300,https://rreaf.com
McCaleb,"401 S Coit, McKinney TX, 75072  ",Bimpe Kalejaiye,469-981-9662,
Corey Pruitt,"16800 Westgrove Dr, Ste 300, Addison TX, 75001  ","KWA Construction, L.P.",214-978-0177,http://www.kwaconstruction.com
Churchill Residential Inc.,"5605 N. MacArthur Blvd., # 580, Irving TX, 75038  ",Bradley Forslund,972-550-7800,
Maker Bros. LLC,"4901 Keller Springs Rd Ste. 101, Addison TX, 75001  ",Justin Bailey,972-807-2565,http://makerbros.net/
Billingsley Company,"1722 Routh Street, Ste. 770, Dallas TX, 75201  ",Lee Thomas,214-270-1000,https://www.billingsleyco.com/
"OM Housing, LLC","5033 Brookview Drive, Dallas TX, 75220  ",Deepak Sulakhe,214-432-7610,http://www.omhousing.com
Value Builders,"330 N 8th St, #102, Midlothian TX, 76065  ",Melanie Brewer,972-775-8112,http://www.valuebuilders.com
USA Capital Finance Group,"10455 N. Central Expy #109-332, Dallas TX, 75231  ",Kathryn Thompson,469-729-3801,
"DFWTXGC, LLC","418 Jones Street, #300, Lewisville TX, 75057  ",Howard Akin,972-628-4705,
John Daily,"5055 Keller Springs Rd, Ste 550, Addison TX, 75001  ",Sparrow Construction,469-500-4757,
Ricardo Adams,"2150 S. Central Expressway Suite 200, Mckinney TX, 75070  ",Landmark Structural Builders,813-304-8629,
"Trinsic Residential Builders, LLC","8235 Douglas Ave Ste 950, Dallas TX, 75225  ",Kenny Hammons,214-462-7190,
Sparrow Construction,"5055 Keller Springs Rd, Ste 550, Addison TX, 75001  ",Spencer Wyman,972-523-0220,
"Andres Construction, LLC","3710 Rawlins, Dallas TX, 75219  ",Warren Andres,214-521-2118,http://www.andresconstruction.com
Shreve Land Constructors,"5757 Alpha Road, Ste 400, Dallas TX, 75240  ",Trevor H. Squibb,469-331-8324,
Cadence McShane Construction Company,"5057 Keller Springs RD, Addison TX, 75001  ",John Schmidt,972-239-2336,
Dillon Bradbury,"3751 S US Hwy 287, Waxahachie TX, 75165  ",Acker Bradbury Construction,469-383-5939,
Legacy Partners,"2999 Olympus Blvd, Ste 240, Dallas TX, 75019  ",Matt Brendel,972-728-7206,http://LEGACYPARTNERS.COM
Urban Innovations,"1515 N. Washington, Dallas TX, 75204  ",James Moore,469-583-3300,
Spring Valley Construction Company,"10950 Alder Circle, Dallas TX, 75238  ",Randy Stephens,214-340-9800,http://www.svcc.biz/
Tonti Properties,"4949 Westgrove Dr., Ste 100, Dallas TX, 75248  ",Adam Auensen,972-447-9035,
C&M Urban Developers,"2410 Luna Rd Ste 138, Carrollton TX, 75006  ",Umair Meghani,469-583-5358,http://www.cmurbandev.com
Tom Philley,"6950 TPC Drive, McKinney TX, 75070  ",Moss Construction Managers,469-625-9020,http://mosscm.com
"KWA Construction, L.P.","Brian Webster, Addison TX, 75001  ","KWA Construction, L.P.",214-978-0177,
"BBLbc, LLC","5217 Tennyson Pkwy Ste 500, Plano TX, 75024  ",Mark Lear,214-276-0433,
SRC Construction & Development LLC,"720 E Park Blvd. Ste 100, Plano TX, 75074  ",Barbaros Sarici,929-295-7010,http://www.srcgroup.us
Chandler Tucker,"3611 William D Tate Ave, Grapevine TX, 76051  ",Bob Moore Construction,214-909-8608,
Acker Bradbury Construction,"3751 S US Hwy 287, Waxahachie TX, 75165  ",Dillon Bradbury,469-383-5939,http://www.ackerbradbury.com
Landmark Structural Builders,"2150 S. Central Expressway Suite 200, Mckinney TX, 75070  ",Shawna Guevara,254-245-2358,
Alpine Start Development,"4827 Memphis St., Dallas TX, 75207  ",Edwin Williams,469-321-7594,https://alpinestartdev.com/
Presidium Property Management LLC,"3100 McKinnon St Ste 250, Dallas TX, 75201  ",Kerry Bowe,214-306-6589,
"KWA Construction, L.P.","16800 Westgrove Dr., Ste 300, Addison TX, 75001  ",Corey Pruitt,214-978-0177,https://kwaconstruction.com/
"Conine Residential Group, Inc.","2009 RR 620 North Suite 225, Austin TX, 78734  ",Kent Conine,972-386-6600,
Moss Construction Managers,"6950 TPC Drive, Ste 300, McKinney TX, 75070  ",Stephanie Clausing,469-625-9022,
Bob Moore Construction,"3611 William D Tate Ave, Grapevine TX, 76051  ",Mark Duvall,817-640-1200,http://www.generalcontractor.com
JPI Construction LLC,"600 E. Las Colinas Blvd  , Irving TX, 75039  ",Richard Deapen,972-556-3880 ,
"Bluestone Partners, LLC","4708 N FM 1417, Sherman TX, 75092  ",David Salmond,903-813-1415,http://www.bluestonebuild.com
"Anderson Development & Construction, LLC","347 Walnut Grove Lane, Coppell TX, 75019  ",Terri Anderson,972-567-4630,
Chris Dorman,"6950 TPC Drive, McKinney TX, 75070  ",Moss Construction Managers,469-625-9051,http://mosscm.com
Blackburn Construction,"800 Parker Square Rd. Suite 230, Flower Mound TX, 75028  ",Brian Maynor,972-213-4072,http://www.blackburnconstructioninc.com
Elite Remodeling,"2930 Preston Rd, Ste 980, Frisco TX, 75034  ",John Todd,972-334-9800,
Allhaus Texas,"1403 Slocum St. Ste 104, Dallas TX, 75207  ",Jim Grant,214-470-9001,
Villa Surfaces LLC,"11355 State Hwy 205, Rockwall TX, 75032  ",Jaime Villarreal,214-769-2981,
Interior Runway,"2050 FM 423, Little Elm TX, 75068  ",Hannah Miller,214-708-5546,http://www.interiorrunway.com
TSG General Contractors,"5900 Weston Dr, McKinney TX, 75070  ",Kevin Souders,469-443-6771,
Texas Custom Patios,"8412 Sterling Street, Suite 100, Irving TX, 75063  ",Steven Schell,972-915-2727,
Haven Home Services,"5811 Ellsworth Ave, Dallas TX, 75206  ",Robin Frazier,469-960-3220,http://enjoyyourhaven.com
Build Worx Construction,"2650 FM 407E, STE 145-136, Bartonville TX, 76226  ",Heath Gage,903-521-2443,https://buildworxconstruction.com/
Tim Jackson Custom Remodeling,"1325 Country Club Rd, Allen TX, 75002  ",Brent Pillers,806-663-6667,
Blackline Renovations,"4849 Greenville Ave. Suite 1330, Dallas TX, 75206  ",Chris Black,214-827-3747,
C3CC,"1971 University Business Drive, Suite 104, McKinney TX, 75071  ",Bruce Canerday,945-234-2322,http://c3cc.pro
Alair Homes - Zuch,"25 Highland Park Village Suite 100-294, Dallas TX, 75205  ",Paul Zuch,214-495-7200,
Alair Homes DFW- Hatfield,"305 W Spring Creek Pkwy, Plano TX, 75023  ",Diane Hatfield,214-281-8800,
Cristina Villarreal,"11355 State Hwy 205, Rockwall TX, 75032  ",Villa Surfaces LLC,469-243-4704,
Alair Homes – Hammel Snider,"4508 Lovers Ln, Dallas TX, 75225  ",James Hammel,214-882-2140,
Stuart Margol Companies,"6869 Frankford Rd, Ste 108, Dallas TX, 75252  ",Stuart Margol,972-713-7600,
Your Home Expert,"16801 Addison Rd. Ste 110, Addison TX, 75001  ",Michael Tiomkin,469-777-8834,https://myexpertdfw.com/
NTX Property Pros LLC,"P.O. Box 254, Aubrey TX, 76227  ",Jamie Osmanovic,940-367-0761,
Bella Vista Company L.P.,"8989 Garland Road, Dallas TX, 75218  ",Darin Breedlove,214-823-0033,
Koonsman & Co.,"100 B Riveredge Dr., Dallas TX, 75207  ",Cathy Koonsman,214-366-3901,
River Oak Renovations,"1300 S Polk St, Unit 295, Dallas TX, 75224  ",Isaac Martinez,214-621-8455,https://riveroak.build
The Ratcliff Company LLC,"6814 Walnut Hill Ln, Dallas TX, 75230  ",Evan Ratcliff,214-494-8480,http://theratcliffcomapany.net
Wald Custom Homes,"6809 Rainwood Drive, Plano TX, 75024  ",Eric Wald,469-767-1747,
Tuggle Design,"3521 Cabriolet Ct., Plano TX, 75023  ",Aubrey Tuggle,214-704-9989,
Bailey Longacre,"411 Harn Dr., Lewisville TX, 75057  ",Longacre Construction,972-436-6200,https://longacreconstruction.com/
Elyse Design & Build LLC,"507 S Barnett Ave, Dallas TX, 75211  ",David Cervantes,843-614-0581,
Tesla Homes,"15150 Preston Road, Ste. 300, Dallas TX, 75248  ",Danette Galvis,214-663-0771,http://www.teslahomesolutions.com
Mod Haven,"4154 Brookport, Dallas TX, 75229  ",Christine Colling,214-417-4141,
Clear Cut Choice LLC,"1424 Navasota Trail, Plano TX, 75075  ",Jeff Saba,214-718-7222,https://clearcutchoice.com/
"Underwood Custom Homes, LLC","25 Highland Pk Vg, Dallas TX, 75205  ",Randall Underwood,214-521-3745,
Ahlers Roofing and Construction LLC,"2333 Minnis Dr, Ste B, Haltom City TX, 76117  ",Stephen Orefice,817-793-2424,http://www.ahlersroofing.com
AB-TX Construction,"322 MacArthur Blvd, Grand Prairie TX, 75050  ",Julio Quiroz,682-325-2070,http://ab-tx.com
Longacre Construction,"411 Harn Dr., Lewisville TX, 75057  ",Carol Longacre,972-436-6200,
A Team Renovations,"313 Stoney Creek Blvd, Sunnyvale TX, 75182  ",Mariqus Alexander,214-206-1939,http://www.a-teamrenovations.com
"Stewart Concepts, Inc","107 Weston Dr, Fate TX, 75189  ",Mike Stewart,972-345-2141,http://www.stewartconcepts.net
"Atlas National Renovations, LLC","720 E Park Blvd, Ste 202, Plano TX, 75074  ",Dan Mulhern,214-814-4300,http://www.anrenovations.com
GOLOUDON,"6703 Garlinghouse Ln., Dallas TX, 75252  ",Gregory Loudon,214-500-7210,
Gillis Custom Homes,"10233 E NW Hwy Ste. 38433, Dallas TX, 75238  ",Steve Gillis,214-797-5527,http://GillisCustom.com
Transom Remodeling LLC,"2007 N Collins Blvd, Suite 501, Richardson TX, 75080  ",Carlos Adame,469-818-0134,
RH Residential Renovations,"314 Country View Lane, Garland TX, 75043  ",Robert Holte,972-996-2520,
"Edinburgh Custom Homes, Inc.","4516 Lovers Lane, Ste 385, Dallas TX, 75225  ",John Gilley,214-336-2228,
Landmark Custom Remodeling,"450 Century Parkway, Allen TX, 75013  ",Reese Layton,469-250-1101,http://www.landmarkcustomremodeling.com
Tracy Mitchell Custom Homes Inc.,"1617 Maple Dr, Kemp TX, 75143  ",Tracy Mitchell,214-794-6098,
Aberdeen Builders & Developers,"3400 N Central Expy Ste 110-322, Richardson TX, 75080  ",Jordan Denzer,972-362-9779,
TJG Contractor Services,"1900 Jay Ell Dr., Richardson TX, 75081  ",Thomas J Goll,214-435-7741,
USI Design & Remodeling,"2100 N. Hwy 360 Ste 1603, Grand Prairie TX, 75050  ",Gordon Zoellner,972-206-0750,
Kasper Custom Remodeling LLC,"17630 Davenport Rd, #113, Dallas TX, 75252  ",Stephen Kasper,972-239-3733,
Alair Homes - Lowry,"5322 HILTON HEAD DR, DALLAS TX, 75287  ",Cole Lowry,214-558-4500,https://www.alairhomes.com/dfw217
"Spruill Remodel, LLC","1205 Valley Trail, Heath TX, 75032  ",Brandon Spruill,214-226-7796,http://spruillremodel@yahoo.com
Shedio LLC,"2410 Madera St., Dallas TX, 75206  ",John Bearg,972-757-9114,https://myshedio.com/
Kasper Custom Remodeling LLC,"Greg Paris, Dallas TX, 75252  ",Kasper Custom Remodeling LLC,972-239-3733,
"RJA Construction, LLC","P.O. Box 601632, Dallas TX, 75360  ",Chanda Rousseau,972-626-5363,
SPRUCED,"10440 N Central Expressway, Ste 800, Dallas TX, 75231  ",William Porter,214-516-7677,http://www.spruced.decoratingden.com
"Stark Homes, LLC","3801 Amherst Avenue, Dallas TX, 75225  ",Taylor Stark,214-502-3270,
Cleve Adamson Custom Homes,"27 Manor Lane, Lucas TX, 75002  ",Cleve Adamson,214-212-5377,
Lisa Bibawi,"10440 N Central Expressway, Ste 800, Dallas TX, 75231  ",SPRUCED,214-516-7677,
"Manning Remodeling + Construction, Inc.","PO Box 250842, Plano TX, 75025  ",Rick Manning,214-316-1949,http://www.ManningRandC.com
Sean Ward,"2410 Madera St., Dallas TX, 75206  ",Shedio LLC,415-969-0583,
BEXA Construction LLC,"4447 N Central Expwy, Ste 110 #112, Dallas TX, 75204  ",Giovanni Baena,469-728-4498,http://www.bexaconstruction.com
"A1 Red River Home Builders, Inc.","2510 SHADY OAKS LN, Sherman TX, 75092  ",Bryan Rockwell,903-819-3017,
Classic Urban Homes,"13610 Midway Rd. Ste 246, Farmers Branch TX, 75244  ",Michael Turner,214-215-1768,
"Lingenfelter Luxury Homes, LLC","2904 Corporate Circle, Suite 101, Flower Mound TX, 75028  ",Adam Lingenfelter,972-410-4141,
Altura Homes,"5763 State Hwy 205, Suite 100, Rockwall TX, 75032  ",Kelly Hoodwin,972-772-1800,
"Ogden Custom Homes, Inc.","10100 N. Central Expy. #346, Dallas TX, 75231  ",Chris Ogden,214-733-2414,
Tommy Ford Construction,"7557 Rambler Rd, Ste 725, Dallas TX, 75231  ",Tommy Ford,972-991-1081,
Jim Johnson Group,"P O Box 846, DeSoto TX, 75123  ",Jim Johnson,972-780-9800,
Hoffmann Homes,"7324 Gaston Avenue #124-341, Dallas TX, 75214  ",Alan G Hoffmann,214-324-0046,
Halifax Homes Inc.,"1024 Westwood Dr., Plano TX, 75075  8517",Gordon B Greeson,972-562-7000,
Kelly Hoodwin,"5763 S. State Hwy 205, Suite 100, Rockwall TX, 75032  ",Altura Homes,972-772-1800,
"Bauhaus Modern Homes, LLC","8350 N. US 75 Central Expressway Ste 1900, Dallas TX, 75206  ",Harrison South,214-256-4846,
Arneson Custom Homes,"10751 Mapleridge Dr., Dallas TX, 75238  ",Gary Arneson,972-833-7222,http://Arnesoncustomhomes.com
Susan Walls,"P.O. Box 2215, Cedar Hill TX, 75106  ",Winston Custom Homes LLC,214-535-3985,
Gramercy Custom Homes,"1914 Skillman St., Suite 110-381, Dallas TX, 75206  ",Kevin Metz,214-584-6225,
"Tag & Associates, LLC","1420 Valwood Pkwy, Ste 100, Carrollton TX, 75006  ",Tag Gilkeson,469-544-1000,
Dan Whetstine,"9111 Cypress Waters, Blvd, Suite 100, Coppell TX, 75019  ",Pulte Group,919-632-5655,
Bob Bobbitt Company Inc.,"8000 Warren Pkwy., Ste 204, Frisco TX, 75034  ",Bob Bobbitt,972-979-9115,
"BufordHawthorne Builders, LP","1340 Motor Circle, Dallas TX, 75207  ",Barry Buford,214-232-0235,http://bufordhawthorne.com
Thomas Cusick Custom Homes,"13901 Midway Rd, Ste 102-274, Dallas TX, 75244  ",Tom Cusick,214-728-9396,https://www.thomascusickhomes.com/
Grace Homebuilding Company,"1340 CR 208, Gainesville TX, 76240  ",Corry Blount,469-853-0552,
Trophy Signature Homes,"5501 Headquarters Dr, Ste 300W, Plano TX, 75024  ",Yvette Rhea,214-550-5733,
"Victor Myers Construction, LLC","920 Show Master Ct, Bartonville TX, 76226  ",Victor Myers,214-636-6829,
Veranda Designer Homes,"P O Box 93208, Southlake TX, 76092  ",Betty Baker,214-202-2775,
Bill D. Bennett Construction Inc.,"701 S. Bryan Beltline Rd. #100, Mesquite TX, 75149  ",Bill Bennett,972-226-1064,
Aaron Wallrath Custom Homes,"1420 Rolling Hills, Celina TX, 75009  ",Aaron Wallrath,281-924-9737,
Jonathan Correa,"8500 N. Stemmons Frwy, Dallas TX, 75247  ",Divino Homes,469-992-2872,
JLCI Homes,"3225 McLeod Dr, Ste 100, Las Vegas NV, 89121  2257",Brian Carrington,205-249-3372,https://www.jlcihomes.com
Hook and Irons Construction LLC,"5988 W Sky Hawk Trail, Royse City TX, 75189  ",Denton Garcia,469-499-6322,
DTE Management,"904 Majestic Point, Heath TX, 75032  ",Toni Evans,972-877-1519,
Langford Custom Homes,"10232 Daria Drive, Dallas TX, 75229  ",Ben Langford,972-835-0706,https://www.langfordcustomhomes.com/
Rock Estate,"240 St. Andrews Dr, Heath TX, 75032  ",Manny Arias,214-733-7306,
"Jackson Contractors, LC","PO Box 170967, Arlington TX, 76003  0967",Sean Jackson,817-572-0949,
Taylor Humphrey,"6950 TPC Dr. Suite 150, McKinney TX, 75070  ",Pacesetter Homes,469-712-5412,
Texas Best Construction,"940 FM 2377, Red Oak TX, 75154  ",Joshua Helm,469-552-8205,http://TexasBestBarndominium.com
Bengfort Construction Inc,"312 FM 1200, Gainesville TX, 76240  ",Michael Bengfort,940-736-6454,
Perry Homes ,"9000 Gulf Fwy, Houston TX, 77017  ",Billy Shirley,800-247-3779,
Mattamy Homes,"1801 Wittington Place, Ste. 100, Farmers Branch TX, 75234  ",Al Tuten,469-892-7184,https://mattamyhomes.com/texas/dallas
"Bob Thompson Homes, L.P.","16633 Dallas Parkway, Suite 325, Addison TX, 75001  ",Robert Thompson,972-931-9595,
Ripple D+B Co,"3723 Greenville Ave., Dallas TX, 75206  ",Garrett Ratner,214-213-1924,
"Chase Welch Custom Homes, LLC","PO Box 312, Crandall TX, 75114  ",Chase Welch,972-679-2507,http://www.chasewelchhomes.com
RockWell Homes,"4215 W Lovers Lane, Dallas TX, 75209  ",Benjamin Romski,914-500-5336,http://rockwell-homes.com
Jarrett Construction,"6116 N Central Expy Ste 614, Dallas TX, 75206  ",John Jarrett,214-533-6239,
Pineapple Contractors,"4400 Hwy 121, Ste 300, Lewisville TX, 75056  ",Jr. Moeakiola,972-795-1342,http://www.pineapplecontractors.com
Beazer Homes,"1501 LBJ Freeway, Ste 300, Farmers Branch TX, 75234  ",Landon Hood,636-295-2216,
Kristin Granger Design & Build,"3475 Bristlecone Ct, Rockwall TX, 75032  ",Kristin Granger,214-505-1148,http://www.kristingranger.com
Brooke Bailey Custom Homes,"P.O. Box 140307, Dallas TX, 75214  ",Craig Scruggs,214-325-4777,
Hayes Signature Homes LLC,"P O Box 671168, Dallas TX, 75367  ",Mark Hayes,214-475-3376,
Beta Builders LLC,"5422 Belmont Ave, Dallas TX, 75206  ",Ahmet Ciger,347-553-1054,
Arlen Haruthunian,"5220 Spring Valley Rd., Suite 212, Dallas TX, 75254  ",Milan Custom Build,214-502-6544,http://www.milancustombuild.com
Platinum Homes by Mark Molthan,"7001 Preston Rd Ste 230, Dallas TX, 75205  ",Mark Molthan,214-363-6244,
Ellis County Properties LLC dba Texas Heritage Custom Homes,"PO Box 334 , Waxahachie TX, 75168  ",James Hearon,972-923-2400,
Thomas Development and Construction LLC,"4516 Lovers Ln. Suite 325, Dallas TX, 75225  ",Matthew Thomas,214-810-8396,
Camden Homes,"12801 N. Central Expressway, Suite 1650, Dallas TX, 75243  ",Cyrus Akhavizadeh,972-479-8899,
TX Elite Development LLC,"5900 Balcones Dr, Ste 100, Austin TX, 78731  ",Joseph Godinho,319-610-7078,
Andrews Development & Holdings LLC,"2504 N Hwy 175, Seagoville TX, 75159  ",Queenetra Andrews,972-748-6585,http://andrewsdevelopmentllc.com/
Impression Homes,"2325 Dean Way, Ste 150, Southlake TX, 76092  ",Steve Garza,817-717-5103,http://impressionhomes.net
Sleepy Hollow Homes,"4404 Grassmere Lane, Dallas TX, 75205  ",Robby Skinner Jr,972-839-7748,
Alison Charley,"7324 Gaston Avenue #124-341, Dallas TX, 75214  ",Hoffmann Homes,214-324-0046,http://www.alanhoffmanncompany.com
"Lone Star Framing & Construction, LLC","2311 W Newton Cir, Irving TX, 75062  ",Jose Garcia,972-255-7700,
"Grenadier Homes, Inc.","5000 Quorum Drive, Ste 555, Dallas TX, 75254  ",John Egnatis,214-224-0095,
Williamsburg Custom Homes,"PO Box 703397, Dallas TX, 75370  ",Bill Wait,214-576-6633,
Brenden Montgomery,"5661 7th St NE, Calgary AB, T2E 8V3  ",Shane Homes,403-536-2333,
KPRR Custom Homes & Remodeling LLC,"6835 Communications Pkwy, Ste 520, Plano TX, 75024  ",Arvy Reddy,469-500-8449,http://www.kprrcustomhomes.com
Amelia Custom Homes,"402 Montpelier Dr, Southlake TX, 76092  ",Jamie Sanchez,682-367-7917,http://ameliacustomhomestx.com
"B & J Custom Homes, Inc.","P O Box 3578, Cedar Hill TX, 75106  ",Frederick A Brown,214-206-8949,
McKinley Built Homes,"25 Highland Park Village,#100-394, Dallas TX, 75205  ",Patrick McKinley,214-789-2563,
"Rhino Residential, LLC","858 W Happy Canyon Rd, Ste 230, Castle Rock CO, 80108  ",Ken Higginson,303-550-9907,http://RhinoResi.com
MCR Builders LLC DBA MCR Luxury Homes,"16610 Dallas Pkwy, Ste 2025, Dallas TX, 75248  ",Bryan Lurie,972-707-9150,
Four Soils Homes,"PO Box 368, Waxahachie TX, 75168  ",Samuel Parker,512-947-6278,
Jerry Carter Homes,"2725 Country Valley Rd, Garland TX, 75043  ",Jerry Carter,972-271-6808,
Tracey Wilson,"1420 Valwood Pkwy, Ste 100, Carrollton TX, 75006  ","Tag & Associates, LLC",469-544-1000,http://www. designedbytag.com
"Red Gable Homes, LLC","P.O. Box 2331, Denton TX, 76202  ",Doug Chandler,817-296-9949,
"Mack Professionals, Inc / Beaver Builders","412 N 5th St, Sanger TX, 76266  ",Donny Mack,940-458-7354,
Barnett/West Custom Homes,"6060 N Central Expy Ste 332, Dallas TX, 75206  ",Charles Barnett,214-520-8992,
Holley Jolly Homes LLC,"P.O. Box 113, Denison TX, 75020  ",Joshua Holley,832-499-7577,http://www.holleyjollyhomes.com
Logan McDonald,"605 E. Palace Pkwy., Ste. A3, Grand Prairie TX, 75050  ","Brothers B&B Contracting, Inc.",817-223-0364,
McCoy Construction Inc.,"901 Griffitt St., Leonard TX, 75452  ",Michael B. McCoy,214-649-3077,
"MALT Homes, Inc.","PO Box 600345, Dallas TX, 75360  ",Lyle Turner,214-693-3407,http://www.malthomes.com
Stonefield Homes,"5001 LBJ Fwy Ste 850, Dallas TX, 75244  ",David Ramey,214-501-0681,http://stonefieldhomes.com
Lennar Homes,"1707 Marketplace Blvd ste 100, Irving TX, 75063  ",Greg Urech,469-587-5308,
Owner Managed Homes,"2150 S. Central Expressway, Suite 200, McKinney TX, 75070  ",Susan Horak,214-551-2149,
"Nixon Brothers Construction, LLC","812 Country Club Dr, Heath TX, 75032  ",Truman Nixon,281-824-5445,
Fontana Homes LLC,"6258 FM 1390, Kaufman TX, 75142  ",Josue Zapata,972-201-8050,
LRO Residential,"3928 Bryn Mawr, Dallas TX, 75225  ",Les Owens,214-676-4119,
Kenny Docekal,"1800 Valley View Lane, Farmers Branch TX, 75234  ",William Ryan Homes,817-995-8700,http://www.williamryanhomes.com
Duane Pfannenstiel,"1419 Dragon Street, Dallas TX, 75207  ","Allgood/Pfannenstiel General Contractors, LLC",214-770-4648,
"Caprock Custom Construction, Inc.","307 Terry Lane, Heath TX, 75032  ",Chip Chamberlain,469-774-5575,
Siri Design and Build,"1815 Hill Ridge Drive, Flower Mound TX, 75028  ",Leela Veeramachaneni,940-218-3969,
Twin Oaks Custom Homes,"8117 Preston Rd. Ste 300, Dallas TX, 75225  ",Tom Lin,972-961-9818,
Keiley & Kassa Investments,"1432 N Joe Wilson Rd, Cedar Hill TX, 75104  ",Benjamin Keiley,206-566-4096,
Renovation Builders Network,"4400 State Hwy 121, Lewisville TX, 75056  ",Henry Chun,888-305-0588,
"Sumeer Homes, Inc.","2404 Texas Dr. #103, Irving TX, 75062  ",Suresh Shridharani,972-659-0655,
KinoD Homes,"1281 W Green Oaks Blvd #117, Arlington TX, 76013  ",Jacq A Duncan,855-546-6301,
Fortress Estates,"13101 Preston Rd. Ste 110-1001, Dallas TX, 75240  ",Jessel Craig,800-626-6909,https://www.fortressestates.com/
Denton Creek Builders,"11611 Adam Ct, Ponder TX, 76259  ",Travis Wisecamp,469-446-0834,
Keen Homes,"6953 Bob O Link, Dallas TX, 75214  ",Kelly Reynolds,214-558-7120,
"Desco Fine Homes, LLC","1 Bella Porta Place, Dallas TX, 75254  ",David Goettsche,972-381-8995,
LMC Homes LLC,"924 Indian Trail, Oak Leaf TX, 75154  ",Lauren Cupp,682-554-9068,http://www.lmccustomhomes.com
Texmexmi Construction LLC,"46 Crown Place, Richardson TX, 75080  ",Justin Edge,469-795-1919,http://www.cuttingedgedallas.com
Sabre Realty Management Inc.,"16475 Dallas Pkwy. #880, Addison TX, 75001  6856",Steve Folsom,972-931-7400,
Bridge Tower Homes,"5430 Lyndon B Johnson Frwy, Ste 1050, Dallas TX, 75240  ",Jackson Su,214-440-5606,
Pipkin Homes LLC,"5304 Clear Creek Dr., Flower Mound TX, 75022  ",Shane Pipkin,214-701-6776,
Keith Kieltyka,"5661 7th St NE, Calgary AB, T2E 8V3  ",Shane Homes,281-910-5689,http://www.shanehomes.com
Triple D Acquisition LLC,"1024 Ginger Trail, Desoto TX, 75115  ",David Johnson,214-693-3923,
"M/I Homes of DFW, LLC","700 TX-121 Suite 100, Lewisville TX, 75067  ",Chad Tschetter,972-246-3414,
Quest View Properties LLC,"325 N. Saint Paul Street, Ste. 3100, Dallas TX, 75201  ",Arthur Mcdonald,214-475-3052,
Shannon Brown,"1011 Three Oaks Dr, Fairview TX, 75069  ",Tim Jackson Custom Homes LP,972-562-6623,
"American Legend Homes, Ltd.","4400 State Highway 121, Suite 410, Lewisville TX, 75056  ",Paul Miller,972-410-5707,
Mike Jobe,"6225 State Hwy 161, Irving TX, 75038  ",Drees Custom Homes,972-953-4500,
Centre Living Homes LLC,"4300 MacArthur Ave., Ste. 165, Dallas TX, 75209  ",Trevor Brickman,469-567-3518,
William Taylor Custom Homes,"P.O. Box 934, Van Alstyne TX, 75495  ",Gary Evans,214-325-2346,
"Our North Texas Home, LLC","1305 Wolf Ridge Run, Gunter TX, 75058  ",C.J. Clem,214-392-9339,
John Porizek,"700 State Highway 121 Bypass, Suite 100, Lewisville TX, 75067  ","M/I Homes of DFW, LLC",469-831-3689,
Elijah Kord Custom Homes,"8140 Walnut Hill Lane, Ste 505, Dallas TX, 75231  ",Hamed Balazadeh,214-770-4575,
"Chesmar Homes DFW, Ltd.","1600 North Collins, Richardson TX, 75080  ",Randy McGillem,972-982-2572,
M D C Homes LLC,"1240 Norfolk, Prosper TX, 75078  ",David Maya,214-912-7767,http://www.mdchomes.info/
Yomi Fayiga,"1111 West Main St, Waxahachie TX, 75165  ",Crux Engineering & Construction,214-455-8042,http://builtbyCrux.com
BPVHomes LLC,"2201 Long Prairie Rd Ste 107-382, Flower Mound TX, 75022  ",Yulia Burt,469-660-1332,http://www.BPVHomes.com
"Drais Custom Homes, Inc.","1617 Callaway Dr, Plano TX, 75075  ",Peter Drais,972-978-3685,
Mosaic Building Company,"204 E. Main Street, Richardson TX, 75081  ",Taylor McCabe,469-585-8799,http://mosaicbuildingco.com
"George Welch Custom Homes, LLC","PO Box 818, Crandall TX, 75114  ",George Welch,469-774-7078,
sHeECO Custom Homes,"1817 Ranch Trail Rd, Aubrey TX, 76227  ",Michelle Carter-Love,214-418-2012,
Gold Star Construction,"3629 Jockey Dr, Fort Worth TX, 76244  ",Jay Freischlag,817-266-3940,http://www.goldstar.build
Garvey Homes,"2712 King Arthur, Lewisville TX, 75056  ",Bob Hansen,972-899-1845,
Shane Wenzel,"5661 7th St NE, Calgary AB, T2E 8V3  ",Shane Homes,403-536-2283,
"ARTISTRY Texas, LLC","6875 Lagoon Drive, Grand Prairie TX, 75054  ",James Moore,972-571-6806,http://www.artistrydb.com
Knox Built Construction,"3838 Oak Lawn Ave. ste 1520, Dallas TX, 75219  ",Luke Eilert,214-509-5910,https://knox-built.com/
Bahar Builders Inc.,"2802 N Carroll Ave, #1107, Dallas TX, 75204  ",Oscar Erkin,408-643-3760,http://www.baharbuilders.com
Cadence Homes,"8400 Belleview Dr Ste 135, Plano TX, 75024  ",Bruno Pasquinelli,469-294-0195,
HistoryMaker Homes,"1038 Texan Trail, Grapevine TX, 76051  ",Nelson Mitchell,817-849-5100,
"McClintock Homes, LLC","161 W 3rd St. Ste 110, Prosper TX, 75078  ",Lisa Dritschler,940-255-7855,
Gutman Custom Homes,"P.O. Box 261562, Plano TX, 75026  ",Milana Gutman,972-836-6596,
"LeComte Group, LLC","P.O. Box 720549, Dallas TX, 75372  ",Josh LeComte,214-827-1431,
Q F C S LLC,"2770 Main St, #253, Frisco TX, 75033  ",Larry Hayes,214-270-5184,
Dallas Area Habitat for Humanity,"2800 N. Hampton Rd., Dallas TX, 75212  ",Melony Combs,214-678-2320,http://www.dallasareahabitat.org
"Quantum's Elite Homes, LLC","820 S. MacArthur Blvd #105-384, Coppell TX, 75019  ",Daniel St. Claire,972-401-1333,
The New Modern Home,"208 S Cottonwood Dr, Suite 300, Richardson TX, 75080  ",Jimmy Tanghongs,469-803-1000,https://www.thenewmodernhome.com/
TatumTek Modular,"1722 Routh St, Ste 900, Dallas TX, 75201  ",Edwin Tatum,214-537-1158,http://www.tatumtek.com
Antonio Casillas,"46 Crown Place, Richardson TX, 75080  ",Texmexmi Construction LLC,469-427-9627,http://www.cuttingedgedallas.com
Bailey Family Builders,"11703 Balch Springs Ct., Frisco TX, 75035  ",T.W. Bailey Sr.,972-816-4955,
Plex Roofing & Construction,"1324 N. Main St., Paris TX, 75460  ",Skyler Burchinal,903-495-1919,
Crux Engineering & Construction,"1111 West Main St, Waxahachie TX, 75165  ",Siyan Fayiga,214-455-8043,
Ron Davis Custom Homes,"17818 Davenport, Suite 116, Dallas TX, 75252  ",Ron Davis,214-484-1448,
DFH Coventry Homes,"16980 North Dallas Pkwy., Ste 100, Dallas TX, 75248  ",Rudy Pospisil,972-484-6665,
TechArt Signature Homes,"4502 Avebury Dr, Plano TX, 75024  ",Ravi Macha,972-603-5352,
Jewel Homes,"205 Pierce, Red Oak TX, 75154  ",Robert Brown,214-876-3115,http://www.jewelhomestx.com
"J. Anthony Custom Homes, LLC dba Homes by J. Anthony","P.O. Box 945, Allen TX, 75013  ",Tony Prutch,972-400-1291,
Leigh Evans,"P.O. Box 934, Van Alstyne TX, 75495  ",William Taylor Custom Homes,214-325-2346,http://www.williamtaylorhomes.com/
Toll Brothers Inc.,"2557 S.W. Grapevine Pkwy, #100, Grapevine TX, 76051  ",William Taylor Custom Homes,855-289-8656,
Capitol Annex Development Company,"2931 Canton St, Dallas TX, 75226  ",Cody Barrington,817-980-8614,
BRM Projects,"2328 Wild Forest Cir, Lewisville TX, 75056  ",Rafael Cachutt,469-867-7471,http://www.brmprojects.com
"Habitat for Humanity of Greater Garland, Inc","2909 Broadway Blvd., Garland TX, 75041  ",Richard Buquet,972-414-6894,http://www.garlandhabitat.org
Cresswell Builders,"17409 Club Hill Court, Dallas TX, 75248  ",Robert J Cresswell,214-533-7233,
Harrison Homes LLC ,"3824 Cedar Springs Rd, Ste 1030, Dallas TX, 75219  ",Tray Harrison,214-912-6700,
UnionMain Homes,"5001 LBJ Freeway, Ste. 650, Dallas TX, 75244  ",Geoff Young,972-231-8203,
"First Texas Homes, Inc.","500 Crescent Court, Ste 350, Dallas TX, 75201  ",Keith Hardesty,214-613-3400,
Zachary Motley,"405 State Highway 121 Bypass, Bldg A210, Lewisville TX, 75067  ","M/I Homes of DFW, LLC",972-246-3407,
George C Fuller Contracting Company,"6960 Mediterranean Drive, McKinney TX, 75072  ",George Fuller,972-540-5980,http://www.fullercustomhomes.com
Tri Pointe Homes,"6201 Plano Parkway Ste 150, Plano TX, 75093  ",Sean Ricks,469-498-1005,
Steven Jesmer,"5763 State Hwy 205, Ste 100, Rockwall TX, 75032  ",Altura Homes,903-456-5920,
Eddie Piercy,"412 N. 5th St., Sanger TX, 76266  ","Mack Professionals, Inc / Beaver Builders",940-391-0790,
Thomas Signature Homes,"P O Box 670923, Dallas TX, 75367  0923",Tom London,214-929-6590,
Walker Properties,"2500 Fallview Ln, Carrollton TX, 75007  ",Joshua Walker,214-897-3062,
Select Custom Home,"1914 Skillman St, Ste 110-120, Dallas TX, 75214  ",David Genz,469-400-2060,http://www.selectcustomhome.com
"Fairmont Homes, LLC","PO BOX 601628, Dallas TX, 75360  ",Collin Fahrenkopf,,
Catena Homes,"13760 Noel Rd STE 1000, Dallas TX, 75240  ",Sal Jafar,214-387-1541,
Brandon Pridgen,"1419 Dragon Street, Dallas TX, 75207  ","Allgood/Pfannenstiel General Contractors, LLC",972-489-6890,http://allgoodgc.com
Compass Point Community Builders L.L.C.,"1521 Wyndmere Dr, DeSoto TX, 75115  ",Elbert Thomas,469-337-4915,
McKinley Creek Homes,"1601 N Coleman Ste 90, Prosper TX, 75078  ",Bob Jameson,214-460-2700,
Bennett Construction and Design LLC,"1709 Saint James Dr, Carrollton TX, 75007  ",Marc Bennett,469-684-6116,
"Sterling Brook Custom Homes, LLC","120 Hawk Crest Ln, Double Oak TX, 75077  ",Wayne Atkins,214-636-5064,
"PPL, Inc.","1200 Florida Dr. #150, Arlington TX, 76015  ",Patrick Powers,817-640-1951,
Thoroughbred Custom Homes,"290 S Preston Rd, Ste 370, Prosper TX, 75078  ",Evan Kozak,214-775-9952,
"Venus Homes of Texas, LLC","1148 Mississippi Avenue, Dallas TX, 75207  ",Jon Venverloh,214-449-7852,http://www.venus.homes
Michelle Mcdonald,"325 N. Saint Paul Street, Ste. 3100, Dallas TX, 75201  ",Quest View Properties LLC,214-475-3052,
Katie Youngblood,"5601 Democracy Dr., Ste 300, Plano TX, 75024  ",Highland Homes,210-667-3205,
HHR Construction LLC,"112 Ryburn St, Waxahachie TX, 75165  ",Hector Hernandez,469-285-1200,https://hhrconstruction.com
Splendor Builders LLC,"3061 Dothan Ln, Dallas TX, 75229  ",Stephanie Salas,972-919-9700,
Scott Ellis Homes LLC,"5907 Wesley St., Ste. 102, Greenville TX, 75402  ",Scott Ellis,903-453-7117,http://scottellishomes.net
"Alltex General Contracting, LLC","105 N. Kaufman St, Seagoville TX, 75159  ",Ray Choate,877-255-8391,
Armadillo Homes and Construction LLC,"2969 NW Hwy 11, Leonard TX, 75452  ",Tyler Wauson,210-749-0956,https://armadillobuilders.com
Pacesetter Homes,"6950 TPC Dr., Suite 150, McKinney TX, 75070  ",Blake Friesenhahn,469-712-7401,
Bean Co Homes,"4849 Greenville Ave, Ste 100-141, Dallas TX, 75238  ",Brad Bean,214-677-7146,http://www.beancohomes.com
Denison Properties,"301 W Woodard St, Denison TX, 75020  ",William Munson,903-463-3750,
Riseman Development Company,"3837 Van Ness Pl, Dallas TX, 75220  7216",William Riseman,972-733-3040,
Luxury Homes of Texas,"2887 W. Pioneer Pkwy Suite H, Pantego TX, 76013  ",Timothy Lansford,972-390-8682,
Taylor Morrison,"6735 Salt Cedar Way, Bldg 1, Ste 200, Frisco TX, 75034  ",Tom Cawthon,469-252-2200,
"Mishler Builders, Inc.","P. O. Box 38, Rockwall TX, 75087  0038",Michael Mishler,214-502-3895,
Tundra Construction LLC,"5909 Loch Lomond Dr., Plano TX, 75093  ",TJ Singh,972-806-0587,https://tundraconstructionllc.com
Preston Trail Homes,"130 N. Preston Rd Suite 100-440, Prosper TX, 75078  ",Larry Beck,469-296-3315,
Ashton Woods Homes,"1800 Valley View, Suite 100, Farmers Branch TX, 75234  ",Kara Dederick,972-428-5405,
Millennial Design Build LLC,"5208 Village Creek Dr., Ste 101, Plano TX, 75093  ",John Szczsponik,214-578-5062,
Alford Homes,"17480 N. Dallas Pkwy #112, Dallas TX, 75287  ",Greg J Alford,972-429-1074,
Alexander Hunt Distinct Homes,"12200 N Stemmons Fwy Ste 220, Dallas TX, 75234  ",Mark Alexander,214-502-3332,
"Wind & Water Construction, LLC","5700 Tennyson Pkwy #300, Plano TX, 75024  ",David Tucker,972-665-9845,
Nixon Custom Homes,"5600 W Lovers Ln, PMB 116-279, Dallas TX, 75209  ",Austin Nixon,214-373-8800,
Allie Perkins,"1011 Three Oaks Drive, Fairview TX, 75069  ",Tim Jackson Custom Homes LP,972-562-6623,http://www.timjacksoncustomhomes.com
AMITT LLC,"1701 Gateway Blvd., Ste. 460, Richardson TX, 75080  ",Mobolaji Ikujenyo,214-861-8080,
Caton Construction,"2001 Covey Glen Rd. , McKinney TX, 75069  ",Jace Caton,972-571-7533,
"Christie Homes, LLC","117 Community Dr, Lavon TX, 75166  ",Brittany Christie,806-420-1510,
JLD Custom Homes,"15400 Knoll Trail, Suite # 107, Dallas TX, 75248  ",Jeffrey Dworkin,972-789-1212,
Texas Benchmark Building Group,"P.O. Box 271631, Flower Mound TX, 75027  ",Jay Martin,972-898-7841,
Amber DiLane Homes Inc,"2112 South 3rd St., Mabank TX, 75147  ",C. Rená McCord,903-887-4228,
Habitat for Humanity of Collin County,"2060 Couch Dr., McKinney TX, 75069  ",Bryant Knepp,972-542-5300,http://habitatcollincounty.org
Key Life Homes,"P.O. Box 154258, Irving TX, 75015  ",Zack Penn,214-637-6655,
Elmwood Custom Homes,"1555 Palmyra Rd., Palmer TX, 76152  ",Ed Merkel,817-291-4432,
"Mark Clifton Homes, Inc.","3419 Westminster, Dallas TX, 75205  ",Mark Clifton,214-532-8989,
Canterbury Custom Homes LLC,"PO Box 12638, Dallas TX, 75225  ",James Davis,972-658-9206,
"Highland Classic Homes, LLC.","9510 W. Lake Highlands Drive, Dallas TX, 75218  ",Mark Dann,972-679-9295,
Chris Sandlin Homes,"1625 W. Mockingbird Ln, #114, Dallas TX, 75235  ",Chris Sandlin,817-727-3718,
Divino Homes,"8500 North Stemmons Frwy, Dallas TX, 75247  ",Joshua Correa,214-360-7200,
Windsor Homes Texas,"5310 Harvest Hill Rd, #162, Dallas TX, 75230  ",Brian Kopp,214-888-8878,https://windsorhomestexas.com
Halifax Homes Inc.,"Robert Greeson, Plano TX, 75075  ",Halifax Homes Inc.,972-562-7000,
Castrum Construction,"5925 Forest Ln. #412, Dallas TX, 75230  ",Markus Hirschbrich,214-725-7881,
Anderson Homes Dallas LLC,"4516 Lovers Lane Ste 442, Dallas TX, 75225  ",Ronnie Anderson,214-761-6228,
Legend Homes by CAMILLO,"13141 Northwest Freeway, Floor 1, Houston TX, 77040  ",John Devens,281-671-9000,
Phillip Thompson Custom Homes,"6950 TPC Drive, Suite 160, Mckinney TX, 75070  ",Phillip Thompson,214-935-1171,
Preserve Custom Homes,"3021 Ridge Rd Ste 205, Rockwall TX, 75032  ",David Johnson,469-847-1245,
Jana McAllister,"7557 Rambler Rd, Ste 725, Dallas TX, 75231  ",Tommy Ford Construction,972-991-1081,http://www.tommyford.net
BLR Contracting,"1400 Windpointe Dr, Rockwall TX, 75032  ",Brian Reeves,469-352-7939,http://www.blrcustom.com
CB JENI / Normandy / Southgate Homes,"5501 Headquarters Dr, Ste 300W, Plano TX, 75024  ",Steve Schermerhorn,214-383-1115,
Jana Condren,"6960 Mediterranean Drive, McKinney TX, 75072  ",George C Fuller Contracting Company,469-247-2990,
Tatum Brown Custom Homes,"3838 Oak Lawn Ave., Ste. 1520, Dallas TX, 75219  ",Mark Danuser,214-361-4877,
Scott Sandlin Homes Ltd.,"5137 Davis Blvd., Fort Worth TX, 76180  ",Scott Sandlin,817-281-3509,
Hanna Homes & Construction,"6600 Chase Oaks Blvd., Ste. 150, Plano TX, 75023  ",George Hanna,214-892-0660, https://www.hannahomes.co/
Hudson Construction Group,"4268 W. Lovers Ln, Dallas TX, 75209  ",Elliott Perry,214-926-5095,
MLD Custom Homes,"P.O. Box 428, Wylie TX, 75098  ",Landon Day,214-458-0214,
"Wan Bridge Group, LLC","8117 Preston Road Suite 250, Dallas TX, 75225  ",Eddie Van Cise,214-469-9069,
Jesse Adams Custom Homes,"P.O. Box 940, Prosper TX, 75078  ",Adam James,972-806-2554,http://www.jesseadamshomes.com
Elevate Custom Homes LLC,"110 Vassar Ct, Waxahachie TX, 75165  ",Jason Crow,972-366-5479,http://Www.Myelevatehome.com
Gentry Custom Homes,"PO Box 884, Keene TX, 76059  ",Frank Gentry,817-760-7084,
"LTC Professional Builders, Inc.","5246 US HIGHWAY 377 South, Aubrey TX, 76227  ",Jeff Parrent,940-365-3505,
J. Stiles Homes,"905 Firestone Lane, Richardson TX, 75080  ",Jereme Stiles,972-922-3507,
Raymond Willburn,"6735 Salt Cedar Way, Frisco TX, 75034  ",Taylor Morrison,469-919-6922,
Mohment,"2701 Custer Parkway #813, Richardson TX, 75080  ",Ellie Paulhus,972-741-6328,
"Michael G Morgan, LLC","14 Kestrel Court, Heath TX, 75032  ",Michael Morgan,469-600-9861,
Chris Rutland,"130 N. Preston Rd Suite 100-440, Prosper TX, 75078  ",Preston Trail Homes,512-826-2610,http://www.prestontrail.homes
Fresco Construction Inc.,"P O Box 822322, Dallas TX, 75382  2322",Sandy Simmons,214-343-2842,
"Brothers B&B Contracting, Inc.","605 E Palace Pkwy Ste A3, Grand Prairie TX, 75050  ",Ted Wilson,972-264-1806,http://www.brothersbandb.com
Stallings Custom Homes LLC,"3217 Purdue Ave., Dallas TX, 75225  ",Thomas Stallings,214-395-9638,
Westchester Custom Homes,"P.O. Box 1622, Rockwall TX, 75087  ",Jack Cecil,972-771-1350,
Lillian Custom Homes,"6350 N I-35E Service Road Waxahachie, Waxahachie TX, 75165  ",Jennifer Chelwick,972-937-8990,
Trey Gruenwald,"1640 W Chapman Dr Ste 300, Sanger TX, 76266  ",TGC Custom Homes,817-689-0232,
David Leite Custom Homes,"4951 Airport Pkwy Ste 540, Addison TX, 75001  ",David Leite,972-880-8062,
Pulte Group,"9111 Cypress Waters, Blvd, Suite 100, Coppell TX, 75019  ",Gary Davis,972-304-2800,
"Stovall Custom Homes, LLC","1228 Oxford Ln, Grapevine TX, 76051  ",Craig Stovall,214-802-0719,http://StovallCustomHomes.com
EarnhartBuilt,"2903 S Woodlawn Blvd, Denison TX, 75020  ",Jason Earnhart,903-487-9102,
US Ultra Homes LLC,"P O Box 1025, Pilot Point TX, 76258  ",Carolyn Cashion,940-686-2888,
"Mishler Builders, Inc.","Christi Mishler, Rockwall TX, 75087  ","Mishler Builders, Inc.",214-773-7247,http://www.mishlerbuilders.com
Cambridge Homes,"2600 Network Blvd, #150, Frisco TX, 75034  ",Tim Eller,972-478-8181,
Bella Custom Homes Inc.,"P O Box 516, Addison TX, 75001  ",Anthony Visconti,972-250-0898,
Hacienda Custom Builders,"301 Ridgewood Drive, Richardson TX, 75080  ",Erik Rodriguez,972-865-5145,http://www.haciendacustombuilders.com
Milan Custom Build,"5220 Spring Valley Rd., Suite 212, Dallas TX, 75254  ",Richard Bragg,469-333-8880,
"EWG Development, LLC","10605 Countess Dr, Dallas TX, 75229  ",Erik Gouin,281-536-7073,
Scott Moore,"6735 Salt Cedar Way, Bldg 1, Ste 200, Frisco  TX, 75034  ",Taylor Morrison,469-216-3096,
Tim Jackson Custom Homes LP,"1011 Three Oaks Drive, Fairview TX, 75069  ",Tim Jackson,972-562-6623,
Daniel Greenberg,"16610 Dallas Pkwy, Ste 2025, Dallas TX, 75248  ",MCR Builders LLC DBA MCR Luxury Homes,214-536-2735,
8th & Main,"812 Alex Ln , Midlothian TX, 76065  ",Drew Williams,214-686-5590,
Graham Hart Home Builder,"1109 Glade Road, Colleyville TX, 76034  ",Shawn Goff,214-626-8590,http://GrahamHart.com
K-Rose Construction Inc.,"101-C Greenville Ave, Ste 21, Allen TX, 75002  ",Robin Lloyd,214-221-8833,
Starr Construction,"4311 Oak Lawn Ave, Unit 550, Dallas TX, 75219  ",Gary Starr,214-600-2282,
Alexandra Oliveira,"2328 Wild Forest Cir, Lewisville TX, 75056  ",BRM Projects,469-867-7458,http://www.brmprojects.com
Malone Custom Builders LLC,"657 Louise Drive, Fairview TX, 75069  ",Shelley H Malone II,214-676-7907,
Pytcher Real Estate Group,"P.O. Box 5240, Frisco TX, 75035  ",Joseph Pytcher,817-637-7001,
Millenia Homes,"6505 W Park Blvd., #306 PMB 374, Plano TX, 75093  ",Steve Goodman,214-733-0951,
"Stonehollow Homes, LLC","205 W Louisiana St, Ste 201, McKinney TX, 75069  ",Ryan M. Hayes,469-907-2155,
Wells Homes,"6211 W. Northwest Hwy Suite 1901, Dallas TX, 75225  ",Richard Wells,214-210-0123,http://www.WellsHomes.com
K. Hovnanian Homes,"5808 W. Plano Parkway, Plano TX, 75093  ",Jim Besaw,469-737-1400,
Tony Cardone,"2325 Dean Way, Ste 150, Southlake TX, 76092  ",Impression Homes,817-350-4673,
HRS Build,"7522 Campbell Road Suite #113-258, Dallas TX, 75248  ",Harriet Reisman-Snyder,469-441-4779,
Kayt Burrens,"5661 7th St NE, Calgary AB, T2E 8V3  ",Shane Homes,403-536-2224,
The Avant Group,"2745 Dallas Pkwy, Suite 460, Plano TX, 75093  ",Chris Jent,214-526-6644,
Hometown Classic Builders,"5121 Meadowlark Dr, Plano TX, 75093  ",James Stovall,972-800-7381,
Nexxus Homes,"P. O. Box 2633, Forney TX, 75126  ",Glen Gilani,972-564-9454,
Starside Custom Builders,"6628 Josephine St, Plano TX, 75024  ",Cindy Warren,214-535-9169,http://Starsidebuilders.com
Integrity Group,"361 W. Byron Nelson Blvd. Suite 100, Roanoke TX, 76262  ",Ryan Delin,817-430-3318,
Jeff Baron Homes,"6440 N. Central Expressway, Ste. 713, Dallas TX, 75206  ",Jeff Baron,214-256-5835,
Kirlin Custom Homes,"4401 Belvedere Dr. , Plano TX, 75093  ",Mike Kirlin,972-423-8751,
Gabe Hawthorne,"1340 Motor Circle, Dallas TX, 75207  ","BufordHawthorne Builders, LP",214-734-4771,
Operation Finally Home,"1659 State Highway 46 West, New Braunfels TX, 78132  ",Ashleigh Chesser,806-441-5712,http://www.operationfinallyhome.org
Amherst Construction LLC,"5001 Plaza on the Lake, #200, Austin TX, 78746  ",Rich Rodriguez,512-579-2213,http://www.amherst.com
Builders of Hope Community Development Corporation,"2215 Canada Drive, Dallas TX, 75212  ",James Armstrong III,214-920-9850,
CR Custom Homes LLC,"4329 Nashwood Lane, Dallas TX, 75244  ",Corrie Shores,469-346-8063,
Landon Homes,"4050 W. Park Blvd., Plano TX, 75093  ",Nancy Wussow,469-993-7398,
"The Newport Group, Inc.","7324 Gaston Avenue, Suite 124-364, Dallas TX, 75214  ",Joe Jackson,469-844-8468,
Sharif & Munir Custom Homes Inc.,"6009 Beltline Rd. #200, Dallas TX, 75254  ",Mickey Munir,972-720-9111,
GM Concepts LLC,"2090 Newton Rd, Ferris TX, 75125  ",Gorge Martinez,214-298-6452,
VictorE Homebuilders,"2227 Vantage Street, Dallas TX, 75207  ",Victor Salvino,214-236-0553,http://victorehomebuilders.com
Tilson Home Corporation,"411 Durham Dr, Houston TX, 77007  ",Brett Martin,800-291-6812,
Joshua Homes,"PO Box 153178, Arlington TX, 76015  ",Josh Rogers,214-497-5525,
Clark Custom Homes,"4580 County Road 599, Farmersville TX, 75442  ",Cody Clark,214-766-7367,http://www.clarkcustomhomes.com
Jennifer Martinez,"P.O. Box 945, Allen TX, 75013  ","J. Anthony Custom Homes, LLC dba Homes by J. Anthony",214-681-6333,http://www.homesbyjanthony.com
Ana Rodriguez,"301 Ridgewood Drive, Richardson TX, 75080  ",Hacienda Custom Builders,972-865-5145,
Royalty Construction Group Inc.,"PO Box 382988, Duncanville TX, 75138  ",Corey Jones,972-709-8009,
Highland Homes,"5601 Democracy Dr., Ste 300, Plano TX, 75024  ",Dale Weeden,972-441-4026,
Richard Miller Custom Homes,"4616 W Lovers Ln, #110, Dallas TX, 75209  ",Richard Miller,972-800-3169,
Hannah Messer,"6312 Widgeon Dr, Plano TX, 75024  ",EMRO Homes Construction,214-733-7342,http://www.EMROHomesLLC.com
Dave R. Williams Homes L.P.,"P O Box 1030, Prosper TX, 75078  ",Cyndee Herrin,972-346-2015,
Jim Joyce Homes LLC,"453 Creek Crossing Lane, Royse City TX, 75189  ",Jim Joyce,972-849-1034,
Kent Development LLC,"4438 W Lovers Lane, Ste. 100, Dallas TX, 75209  ",Austin Kent,503-505-4032,http://kentdevco.com
Drew Walling Custom Homes,"600 W. Jeter Rd, Bartonville TX, 76226  ",Drew Walling,214-718-3739,http://www.drewwallingcustomhomes.com
Inspired Homes TX LLC,"767 Justin Rd, Rockwall TX, 75087  ",Billy Meredith,214-240-0636,http://www.inspiredhomestx.com
Travis Homes,"600 Parker Square, Suite 205, Flower Mound TX, 75028  ",Mike Love,214-504-6098,http://www.travishomesllc.com
Mark Covington,"6225 State Hwy 161, Irving TX, 75038  ",Drees Custom Homes,817-819-5742,http://www.dreeshomes.com
Casey Gerwer,"P.O. Box 945, Allen TX, 75013  ","J. Anthony Custom Homes, LLC dba Homes by J. Anthony",214-718-5600,
"Rafter P. Construction, Inc.","9201 Wesley St. Suite B, Greenville TX, 75402  ",Brad Pryor,903-454-8332,http://www.rafterpconstruction.com
Bloomfield Homes LP,"1050 East Hwy 114 Ste 210, Southlake TX, 76092  ",Tim Stewart,817-416-1572,
Shepherd Place Homes Inc. DBA Robbie Hale Homes,"10527 Church Rd. Ste 201, Dallas TX, 75238  ",Robbie Lee Hale,972-475-1100,
Olivia Clarke Homes,"5601 Democracy Dr Suite 105, Plano TX, 75024  ",Jennifer Johnson Clarke,469-833-6340,
Fahri Olgun,"5422 Belmont Ave, Dallas TX, 75206  ",Beta Builders LLC,469-784-9754,http://www.betabuildersllc.com
Sagrada Homes,"222 Municipal Dr Suite 138, Richardson TX, 75080  ",David Peris,469-442-7261,http://www.sagradahomes.com/
"Austin Taylor Group, Inc.","2233 Cardinal Blvd, Carrollton TX, 75010  ",Todd Arnold,817-538-3080,
Axiom Builders,"990 Security Row Ste 102, Richardson TX, 75081  ",Preston Johns,469-939-1616,
Real Estate Group of America dba Art Deco Designer Homes,"610 Uptown Blvd Ste 270, Cedar Hill TX, 75104  ",Joshlan Raymo,972-499-5990,
Atlas Custom Builders,"2 Horizon Ct, Heath TX, 75032  ",Nick Forsell,972-800-8423,
Alco Homes,"4424 Cowan Ave, Dallas TX, 75209  ",Francisco Silveira,972-672-2406,
Monolith Construction,"10582 Spangler Rd, Dallas TX, 75220  ",Gary Pahuja,469-687-0092,http://www.monolithconstruct.com
"Lewis & Earley Custom Homes, LLC","9031 Cypress Creek, Lantana TX, 76226  ",Brian Earley,214-682-7171,
David Weekley Homes,"3301 N. I-35, Carrollton TX, 75007  ",Ken McDonald,972-323-7424,
"Douglas Signature Homes, LLC","9418 Brentgate Drive, Dallas TX, 75238  ",Cory Ingram,972-672-1346,
Partners in Building,"4100 Midway Road Suite 2120, Carrollton TX, 75007  ",Willie Kendrick,469-902-3200,http://www.partnersinbuilding.com
Robert Elliott Custom Homes,"4145 Travis St, Ste 300, Dallas TX, 75204  ",Hannah Flansburg,972-629-6028,
Traditional Classic Homes Inc.,"303 Ridgewood Drive, Richardson TX, 75080  2121",Jerry Parks,214-244-7510,
"Todd Bonneau Homes, LLC","2815 Valley View Lane, Ste. 118, Farmers Branch TX, 75234  ",Todd Bonneau,972-345-9598,
Danes Custom Homes,"PO Box 196109, Dallas TX, 75219  ",Tina Roostai,214-535-6160,
Mike Cusack Homes,"211 Morene Ave, Waxahachie TX, 75165  ",Mike Cusack,214-682-6279,
Crow Bar Constructors Inc.,"1615 Caddy's Circle, Garland TX, 75043  1205",Cole Smith,972-278-5992,
Jim Benson Custom Homes Inc.,"3021 Ridge Road, Suite A95, Rockwall TX, 75032  ",James Benson,214-502-7146,
Greg Jeffers Custom Homes LP,"7047 Twin Hills Avenue, Dallas TX, 75231  ",Greg Jeffers,214-226-1076,
Luxury Wellness International DBA LWI Homes,"25 Highland Park Villages, #100-814, Dallas TX, 75205  ",Laurie Nord,949-278-7691,http://www.LuxuryWellnessInternational.com
Joe Kain Homes Inc.,"6627 Lovington Dr, Dallas TX, 75252  ",Joe Kain,972-407-8316,
S&R Development Inc.,"4131 N. Central Expressway, Dallas TX, 75204  ",Saad Chehabi,214-499-9499,
John  Covelli,"P.O. Box 860305, Plano TX, 75086  ",Monaco-Pinnacle Custom Homes,972-670-8091,
"James Andrews Custom Homes, LLC","5547 Ridgedale Ave., Dallas TX, 75206  ",Matt Mitchell,214-282-3723,
Drees Custom Homes,"6225 N State Hwy 161, Ste 150, Irving TX, 75038  ",Matt Lasiter,972-953-4582,
Bridge Homes LLC,"2591 N Hwy 77, Ste 104, Waxahachie TX, 75165  ",Otilio Posadas,469-225-0042,http://www.bridgehomes.net
Creekview Custom Homes,"6060 N Central Expy., Ste. 125, Dallas TX, 75206  ",Lee Allen,214-629-6050,
Grand Homes Inc.,"15455 Dallas Pkwy, Suite 1000, Addison TX, 75001  ",Stephen Brooks,214-750-6528,
Macon Pearson,"1011 Three Oaks Dr., Fairview TX, 75069  ",Tim Jackson Custom Homes LP,325-668-0248,http://www.timjacksoncustomhomes.com
Conic LLC,"180 Industrial Blvd, Unit E, McKinney TX, 75069  ",Gary Stevens,214-870-3575,http://www.conichomes.com
George Davis & Associates Inc.,"5973 Meletio Ln., Dallas TX, 75230  ",George Davis,214-532-2874,
Scott Mitchell Custom Homes,"8350 N Central Expr, Suite 414, Dallas TX, 75206  ",Scott Mitchell,214-725-9955,
Coats Homes LLC,"3100 Monticello Ave., Dallas TX, 75205  ",Ben Coats,214-206-3900,
Barbara Cominoli,"820 S. MacArthur Blvd #105-384, Coppell TX, 75019  ","Quantum's Elite Homes, LLC",469-507-1084,
"Mabry Custom Homes, LLC","P.O. Box 1659, Rockwall TX, 75087  ",Darren Mabry,972-299-0022,
"Troth Construction, LLC","23898 FM 902, Collinsville TX, 76233  ",Michael Troth,214-908-4401,http://www.trothconstruction.com
John Wilson,"1420 Valwood Pkwy, Ste 100, Carrollton TX, 75006  ","Tag & Associates, LLC",469-544-1000,http://www.designedbytag.com
Adrian Jacobs,"6875 Lagoon Drive, Grand Prairie TX, 75054  ","ARTISTRY Texas, LLC",972-979-8326,
"Maplehill Residential, LLC","5607 Dyer Street, Dallas TX, 75206  ",Tad Weatherford,214-503-1922,
Iconick Homes LLC,"PO BOX 250188, Plano TX, 75025  ",Ahmad Farahani,214-868-8838,
"Maxwell Custom Homes, LLC","3918 Gaspar Dr, Dallas TX, 75220  ",Maxwell Wilson,214-808-9282,
Troy Miller Custom Homes,"P.O. Box 729, Sherman TX, 75091  ",Troy Miller,903-436-3577,
Tradition Homes,"8751 Collin McKinney Pkwy Ste 402, McKinney TX, 75070  ",Zach Schneider,469-202-4663,
"Ameritex Homes, LLC","14643 Dallas Pkwy Ste 1050, Dallas TX, 75254  ",Austin Graybill,"469‑225‑9633	",https://www.ameritexhomes.com/
James Wrigg,"5430 Lyndon B Johnson Frwy, Ste 1050, Dallas TX, 75240  ",Bridge Tower Homes,972-365-9777,
Sustainable Structures of Texas,"5400 Gregory Lane, Allen TX, 75002  ",Brenda Hall,214-794-8363,
H&H Properties,"7 Bluebonnet Trail, Greenville TX, 75402  ",Sara Haley,903-217-9424,http://hhprp.com
Harrison Homes,"1950 St. Andrews, Ovilla TX, 75154  ",Ed Harrison,214-477-2511,
B.B Maverick Luxury Home Builders,"3245 Main Street, Frisco TX, 75034  ",Brett Cochran,214-727-6867,
cjb HOMES,"5715 Surrey Square Ln, Dallas TX, 75209  ",Chad J Brozovich,214-708-5363,
"Allgood/Pfannenstiel General Contractors, LLC","1419 Dragon Street, Dallas TX, 75207  ",Sam Allgood,214-505-0108,
"Sea Stone Development, LLC","113 Marina Drive, Gun Barrel City TX, 75156  ",Ben Dempsey,254-290-2131,
TGC Custom Homes,"1640 W Chapman Dr Ste 300, Sanger TX, 76266  ",Tommy Crutcher,469-406-2490,
Christian Drago,"1607 Karsten Ridge Court, Gunter TX, 75058  ",Motes Custom Homes,214-469-7197,
Christner Homes,"4573 Coyote Pt, Denton TX, 76208  ",Stiles Christner,972-824-8225,
"Sainton Custom Homes, Inc.","1214 Magnolia Dr., Carrollton TX, 75007  ",Steve Sainton,214-908-1601,
"Cope Homes, LLC","900 W. Bethany Drive, Allen TX, 75013  ",Timi Frazier,972-908-2673,http://www.copehomes.com
Charles Charley,"7324 Gaston Avenue #124-341, Dallas TX, 75214  ",Hoffmann Homes,214-324-0046,http://www.hoffmannhomes.com
"Shaddock Custom Builders & Developers, LLC","105 E. Main St, Richardson TX, 75081  ",Todd Shaddock,469-243-3466,
Tommy Ford Construction,"Corey Ford, Dallas TX, 75231  ",Tommy Ford Construction,972-991-1081,
MjBrown Distinctive Homes,"6841 Virginia Pkwy, #103-406, McKinney TX, 75071  ",Michael Brown,214-236-2617,
KB Home,"4965 Preston Park Blvd Suite 620, Plano TX, 75093  ",Marcia Dillon,888-524-6637,
Snyder Construction Inc,"PO Box 293, Aubrey TX, 76227  ",Bill Snyder,940-440-9731,
Smith Custom Building & Design,"2307 Laci Lane, Royse City TX, 75189  ",Steven Smith,903-229-1025,
Chris Dearman,"2325 Dean Way, Ste 150, Southlake TX, 76092  ",Impression Homes,817-704-3157,
Sabre Luxury Homes,"720 US 377, Ste 140-107, Roanoke TX, 76262  ",Derek Madaras,214-205-5780,http://www.sabreluxury.com
Montgomery Custom Homes,"6510 Abrams Rd Ste 510, Dallas TX, 75231  ",Matthew Montgomery,214-317-6729,
Bill Ryan,"2700 Patriot Blvd, #430, Glenview IL, 60026  ",William Ryan Homes,847-995-8700,
Lisa Lingenfelter,"2904 Corporate Circle, Suite 101, Flower Mound TX, 75028  ","Lingenfelter Luxury Homes, LLC",972-410-4141,http://www.lingenfelterluxuryhomes.com/
Monaco-Pinnacle Custom Homes,"P.O. Box 860305, Plano TX, 75086  ",Greg Smith,469-767-3880,http://Monaco-Pinnacle.com
Reka Jones,"PO Box 382988, Duncanville TX, 75138  ",Royalty Construction Group Inc.,972-709-8009,http://www.royaltygroupinc.com
Gardner-Adams Homes,"15950 SH 205, Terrell TX, 75160  ",Blake Adams,214-773-9947,
CECI Bates Custom Homes,"P.O. Box 2163, Pottsboro TX, 75076  ",Scott Bates,903-870-0900,
Michelle Prutch,"P.O. Box 945, Allen TX, 75013  ","J. Anthony Custom Homes, LLC dba Homes by J. Anthony",972-515-5985,http://www.homesbyjanthony.com
Key Custom Homes Inc.,"2421 Fort Worth Dr., Denton TX, 76205  ",Kent Key,490-565-6700,
"V Luxury Homes, LLC","6160 Warren Parkway #100, Frisco TX, 75034  ",Jake Murillo,972-210-1817,
"Trinity Heritage Residential, LLC","PO Box 2229, Frisco TX, 75034  ",Stan Brasuell,972-722-7305,http://www.thresidential.com
Meritage Homes,"8840 Cypress Waters Blvd., Suite 100, Dallas TX, 75019  ",Kelsey Covey,972-580-6355,
Winston Custom Homes LLC,"P.O. Box 2215, Cedar Hill TX, 75106  ",Matt Walls,972-742-0323,
Tom Marsh,"16633 Dallas Parkway, Suite 325, Addison TX, 75001  ","Bob Thompson Homes, L.P.",972-931-9595,https://bobthompsonhomes.com/
"Ron McHam Homes, Inc.","2105 Dublin Road, Plano TX, 75094  ",Ron McHam,214-212-2556,
R A Millennium Properties LTD.,"7622 Morton Street, Dallas TX, 75209  ",Ryan Anderes,214-208-0764,
Harrill Construction LLC,"PO Box 579, Mabank TX, 75147  ",Brandi Harrill,903-603-8174,
DGM Builders,"5164 Village Creek Suite 100, Plano TX, 75093  ",Dani Golan,214-505-4400,http://www.DGM-Builders.com
BLC Construction Series LLC,"130 N Preston Rd, Ste 324, Prosper TX, 75078  ",Damiun Logan,972-837-6700,http://www.BLCTexas.com
"Eppler Construction Co., LLC","2705 Hanover Street, Dallas TX, 75225  ",Kirk Eppler,214-394-3112,
Shane Homes,"5661 7th St NE, Calgary AB, T2E 8V3  ",Dave Rickett,403-969-8850,http://www.shanehomes.com
Haynsworth Custom Homes,"PO Box 600017, Dallas TX, 75360  ",Jason Haynsworth,214-738-3342,
EMRO Homes Construction,"6312 Widgeon Dr, Plano TX, 75024  ",Eric Messer,972-741-6887,http://www.EMROHomesLLC.com
Cobalt Homes,"3963 Maple Avenue, Suite 330, Dallas TX, 75219  ",Don Carroll,214-347-8902,
William Ryan Homes,"1800 Valley View Lane, Farmers Branch TX, 75234  ",Scott Dettmer,817-993-0053,
Tim Garvey,"2712 King Arthur, Lewisville TX, 75056  ",Garvey Homes,972-899-1845,
George Lewis Custom Homes Inc.,"3604 Princeton, Dallas TX, 75205  ",George Lewis,214-361-8688,
"Caldwell Residential, LLC","7616 LBJ Fwy, Suite 540, Dallas TX, 75251  ",Ben Caldwell,214-497-5858,http://caldwellresidential.com
Beechwood Custom Homes,"11816 Inwood Rd #1224, Dallas TX, 75244  ",Nam Phan,214-929-9855,
Diane Reynolds,"904 Majestic Point, Heath TX, 75032  ",DTE Management,972-877-1519,
Dazzling Homes Corp,"2626 Cole Ave Suite 300, Dallas TX, 75204  ",Monick Gandhi,817-937-8342,
Mike Foster Custom Homes Inc.,"PO Box 460247, Garland TX, 75046  ",Mike Foster,972-342-2771,
Haus & Co Homes,"PO Box 600521, Dallas TX, 75360  ",Eddie Grothaus,214-914-0079,
Attaway Homes,"537 Northill Drive, Richardson TX, 75080  ",James Davis,214-534-8835,
"Century Communities, Inc","8390 East Crescent Pkwy, Ste 650, Greenwood Village CO, 80111  ",Brian Fogarty,303-268-8349,
Atrium Fine Homes,"4675 IH 30, Mesquite TX, 75150  ",Jojy Koshy,214-734-5659,
Brightland Homes,"15725 N. Dallas Parkway, Suite 300, Addison TX, 75001  ",Spencer Wilson,972-383-4300,
The Burke Company,"722 Paulus Ave., Dallas TX, 75214  ",Jason Asmar,214-887-0005,
"Phillips Sousa Investments, LLC","6899 Brandy Ln, Quinlan TX, 75474  ",Gene Sousa,903-474-4745,
"DFW Design and Build, LLC","4404 Emerson Dr, Plano TX, 75093  ",Tony Paez,214-606-4598,http://www.dfwdesignandbuild.com
Motes Custom Homes,"1607 Karsten Ridge Court, Gunter TX, 75058  ",Justin Motes,972-989-7369,https://www.motescustomhomes.com/
"Larry Hartman Construction, Inc.","5002 W. Mockingbird Ln, Dallas TX, 75209  ",Larry Hartman,214-358-5906,
Locke Lynch,"6735 Salt Cedar Way, Bldg 1, Ste 200, Frisco TX, 75034  ",Taylor Morrison,469-247-6532,
"Richland Chambers Real Estate, LLC","P.O. Box 999, 116 S MAIN ST, Corsicana TX, 75110-9998  ",Mark Mills,214-507-3863,http://www.rclakehouses.com
Paul Davis Restoration of North Dallas,"2205 Hutton Dr, Ste 110, Carrollton TX, 75006  ",Dusty York,469-491-8710,http://northdallas.pauldavis.com
"Nina Hayes Cleaning Services, Inc.","2810 Exchange St., Wylie TX, 75098  ",Brian Williamson,972-429-2225,https://www.bestprosintown.com/tx/wylie/nina-hayes-cleaning-services-inc-/
1-800 Water Damage of NE Dallas & SE Collin,"1821 Belt Line Rd, Garland TX, 75044  ",Erika Herman,214-939-7600,https://www.1800waterdamage.com/ne-dallas-se-collin/
Specialty Concrete,"1432 East Devitt St, Fort Worth TX, 76119  ",Cole Hord,325-650-7054,http://www.sccot.net
DFW Concrete,"2711 Blue Mound Rd. West, Fort Worth TX, 76179  ",James Southerland,817-439-3220,http://www.dfwconcreteinc.com/
Kelly Foy,"850 Central Pkwy. E. Ste. 220, Plano TX, 75074  ",Vault Construction Group,214-440-5462,http://www.vaultconstructiongroup.com
"Salinas Concrete, L.P.","1300 10th St., Plano TX, 75074  ",Osiel Salinas,972-509-8184,
"FraserCon ""Concrete Experts""","2425 Parker Rd., Building 3A, Carrollton TX, 75010  ",Jason Fraser,972-939-9888,http://www.frasercon.com
Lucky Ivy,"13911 Distribution Way, Farmers Branch TX, 75234  ","Advanced Concrete Surfaces, LLC",972-620-0004,http://www.advconc.com
Jason Johnson,"850 Central Pkwy. E. Ste. 220, Plano TX, 75074  ",Vault Construction Group,214-325-9819,https://vaultconstructiongroup.com/
Plungie USA Inc.,"4400 State Highway 121 #378, Lewisville TX, 75056  ",Jason Hestekin,855-758-6443,https://us.plungie.com/
"Ready Cable, Inc.","4416 Keller Hicks Road, Ft. Worth TX, 76244  ",Ken Stone,817-379-6553,
Post Tension Services ,"10501 Sparkman Rd, Dallas TX, 75220  ",Justin Zuckerbrow,972-845-5500,http://www.post-tension.com
Builders Post-Tension,"2220 Moneda Ave., Haltom City TX, 76117  ",Michael Williams,817-529-9500,http://www.builderspt.com
Vault Construction Group,"850 Central Pkwy. E. Ste. 220, Plano TX, 75074  ",David Foy,214-440-5462,https://vaultconstructiongroup.com/
The Kaufman Company Inc.,"P.O. Box 1917, Frisco TX, 75034  ",Steve Kaufman,972-985-1604,
"Advanced Concrete Surfaces, LLC","13911 Distribution Way, Farmers Branch TX, 75234  ",Bill Pickler,972-620-0004,http://www.advconc.com
Wildcatter Concrete,"1431 Greenway Dr, #460, Irving TX, 75038  ",Michael Briseno,972-890-6194,https://wildcatterco.com/
"Suncoast Post-Tension, Ltd.","2215 E. Pioneer Dr. Ste. D, Irving TX, 75061  ",Tab Barlett,972-287-0307,http://www.suncoast-pt.com
Elm Residential Design,"5717 Legacy Dr, Ste 250, Plano TX, 75024  ",Michael Perkins,214-649-9328,https://www.elmresidential.com/
"K. Stephen Architects, PLLC","PO Box 601254, Dallas TX, 75360  ",Stephen Lehecka,214-427-1079,http://kstephenarchitects.com
Aireal Inc,"5 Cowboys Way, Suite 300, Frisco TX, 75034  ",Harrison Montgomery,214-989-7477,http://Aireal.com
Realcognita,"5816 W Plano Pkwy, Plano TX, 75093  ",Jessica Leising,469-606-1988,
Creative Architects,"1026 Creekwood Drive, Garland TX, 75044  ",Scott Roberts,972-530-4872,
J. Karlovich Home Design,"1020 Mist Flower Drive, Little Elm TX, 75068  ",Jeremy Karlovich,214-674-0290,http://www.jkarlovichhomedesign.com
BSB Design,"8825 Coleman Boulevard, Frisco TX, 75034  ",Dave Copenhaver,972-720-1778,http://BSBDesign.com
Covert + Associates,"17810 Davenport #111, Dallas TX, 75252  5856",David Clay,972-783-4660,https://www.covertandassociates.com/
McLain by Design Interiors,"7548 Preston Rd, Ste 141 #171, Frisco TX, 75034  ",Erica McLain,682-800-1882,http://www.mxdinteriors.com
Hohe Design Group,"302 N Market St Ste 250, Dallas TX, 75202  ",Jorge Ramirez,806-626-4466,http://www.hohedesign.com
"JE Design Group, Inc.","3218 Belt Line Rd, Ste 510, Farmers Branch TX, 75234  ",Jill Noble,214-407-6461,http://jedesigngroup.com
 ALY,"104 E Ovilla Rd, #651, Red Oak TX, 75154  ",Kelly Reber,214-796-4829,http://www.alyvr.com
Jared Leidner,"1601 Surveyor Blvd, Carrollton TX, 75006  ",Harold Leidner Landscape Associates,214-207-2943,
Crest Residential Design,"5712 Colleyville Blvd, Ste 120, Colleyville TX, 76034  ",David Norvelle,817-380-3741,http://www.crestresidentialdesign.com
The ML Group Inc.,"600 Parker Square, Suite 205, Flower Mound TX, 75028  ",Mike Love,214-504-6098,http://www.mlgrouptexas.com
John Lively & Associates,"5938 W. Parker Rd, Ste 300, Plano TX, 75093  ",John Lively,972-781-0555,
Humphreys & Partners Architects L.P.,"5339 Alpha Road, Ste 300, Dallas TX, 75240  ",Greg Faulkner,972-701-9636,http://www.humphreys.com
Smith & Ragsdale Interior Design,"3300 Oak Lawn Ave, Suite 415, Dallas TX, 75219  ",Abbey Ragsdale,214-702-6747,
"Five Star Interiors, Inc.","8100 Thomas Springs Rd, Austin TX, 78736  ",Ellen Weese,512-451-7870,http://www.fivestarinteriors.com
LandDesign,"5301 Alpha Rd, Dallas TX, 75240  ",Brian Dench,214-785-6009,http://www.landdesign.com
"Keaton Interiors, Inc.","1380 River Bend Dr  #124, Dallas TX, 75247  ",Andra Maldovan,972-233-9100,http://www.keatoninteriors.com/
"Hensley Lamkin Rachel, Inc.","14881 Quorum Dr. Ste 550, Dallas TX, 75254  ",Alan Nix,972-726-9400,http://www.hlrinc.net
Carrick Custom Home Design,"3305 Fort St, Royse City TX, 75189  ",Matthew Oxford,972-885-2323,https://www.carrickhomes.com/
Architecture Unlimited,"2300 York Ct., Carrollton TX, 75006  ",Allen Powell,214-395-1966,http://www.architectureunlimited.com
Architectural Surfaces,"11180 Zodiac Lane, Dallas TX, 75229  ",William Feingold,972-832-6044,https://arcsurfaces.com/find-a-showroom/dallas/
Plans by Land ,"2060 N. Collins, Ste 130, Richardson TX, 75080  ",Michael Land,(972) 250-2005,http://www.plansbyland.com
Creative Design - Model Home Interiors,"140 Olive Street, Keller TX, 76248  ",Leslie Groff,972-571-6162,
RC3D Visualization Design,"3427 Longmeade Drive, Farmers Branch TX, 75234  ",Roberto Castanheira,972-754-1472,http://www.rc3d.com
Tracy's Custom Home Designs,"111 FARMERSVILLE PKWY STE 300, Farmersville TX, 75442  ",Roy Homfeld,972-784-9044,http://www.tracyscustomhomes.com
Apogee Architectural Partners,,Penelope Diaz,945-468-6939,http://www.apogeeap.com
Harold Leidner Landscape Associates,"1601 Surveyor Blvd., Carrollton TX, 75006  ",Amy Alexander,972-418-5244,http://www.haroldleidner.com
Panoramic Doors,"15050 Frye Rd, Fort Worth TX, 76155  ",John Russell,817-239-0366  ,
Reliant Overhead,"428 E Church St, Lewisville TX, 75057  ",Russ Brown,214-513-9322,https://reliantoverhead.co/
Doorvana,"5001 Mosson Rd, Fort Worth TX, 76119  ",Bobby Vickers,817-500-5988,http://www.doorvana.com
Clint Vinson,"3329 North I-35 Frontage Rd, Gainesville TX, 76240  ",Abel Door & Trim,214-998-9454,
Texas Door & Trim Inc.,"P.O. Box 551326, Dallas TX, 75355  ",Daniel  Evans,214-342-9393,http://www.tdt-inc.com
WBH Group,"13715 Tanglewood Dr. , Farmers Branch TX, 75234  ",Mark Allen,972-725-9117,
Natural Selections LLC,"2525 Tarpley Rd. #120, Carrollton TX, 75006  ",Matt Cawthon,972-417-1920,http://www.naturalselections.com
"All American Garage Doors, Inc","10656 County Rd 577, Blue Ridge TX, 75424  ",Curtis Vickers,972-752-5464,http://www.aagd.biz
Abel Door & Trim,"3329 North I-35 Frontage Road, Gainesville TX, 76240  ",Josh Barrett,833-400-2235,http://abellumber.com
Lone Star Iron Doors,"6121 W. Park Blvd, Ste C-226, Plano TX, 75093  ",Matthew Clements,214-774-4455,
Nix Door and Hardware,"921 East Waggoman St., Fort Worth TX, 76110  ",Greg Spears,817-920-9221,
Overhead Door Company of Dallas,"1800 Vantage Drive, Carrollton TX, 75006  ",Perry Adams,214-708-9606,
Trinity Stairs Inc,"3101 Seneca Drive, Frisco TX, 75034  ",Richard Bush,972-335-0700,
Adooring Designs,"1200 Texan Trail, Grapevine TX, 76051  ",Rosanna Buckley,469-451-2424,https://www.adooringdesigns.com/
Schnorrbusch Heating & Air LLC,"302 E Nash Street, Terrell TX, 75160  ",Nathan Schnorrbusch,469-314-8001,
Pepco Sales & Marketing,"11310 Gemini Lane, Dallas TX, 75229  ",Long Huynh,469-822-0137,http://www.pepcosales.com
Rheem Manufacturing Company,"1100 Abernathy Rd NE, Ste 1700, Atlanta GA, 30328  ",Darrel Robinson,866-720-2076,http://www.rheem.com
Carrier Enterprise,"2000 Luna Rd, Carrollton TX, 75006  ",Tyler Saltmarsh,817-372-5595,http://sc.carrierenterprise.com
Aprilaire,"1400 Simpson Dr, Hurst TX, 76053  ",Ken Zapatka,469-667-1768,http://www.aprilaire.com
Wolverton Co. Inc.,"704 Solon Rd, Waxahachie TX, 75165  ",Keith Wolverton,972-296-2665,
"Cate and Company, Inc.","11282 Indian Trail, Dallas TX, 75226  ",Brooks Cate,972-243-4994,
Micah Frank,"P.O. Box 1445, Lake Dallas TX, 75065  ",Texas Energy and Comfort Solutions LLC,940-453-5303,
"Daikin/Goodman Manufacturing, Inc","6505 Vintage Dr. , Arlington TX, 76001  ",Bryan Hudson,817-937-7525,https://northamerica-daikin.com
Texas Energy and Comfort Solutions LLC,"P.O. Box 1445, Lake Dallas TX, 75065  ",Hunter Hughes,214-432-3467,http://www.texasecs.com
Moss Heating & Cooling,"11030 Ables Lane, Dallas TX, 75229  ",Graye Roberts,972-465-9966,https://www.askmoss.com/
Pearson Mechanical Inc.,"1010 Mustang Dr., Grapevine TX, 76051  ",Stacey Pearson,817-226-7400,
K & S Heating & Air Conditioning,"1409 S. Jupiter Rd., Garland TX, 75042  ",David McCord,972-271-9319,https://kandsac.com/
Builder Trade Partners LLC,"2009 McKenzie Dr, Ste 124, Carrollton TX, 75006  ",James Cook,469-933-6275,
Staxmatic,"16051 Addison Rd, Suite 310, Addison TX, 75001  ",Scott Beech,469-817-9661,http://www.staxmatic.com
DuPont,"3948 Legacy Dr. #106, Plano TX, 75023  ",Kevin McLain,972-527-4111,http://www.building.dupont.com
"Progressive Foam Technologies, Inc. ","6753 Chestnut Ridge Road NW, Beach City OH, 44608  ",Chris Toth,330-600-2474,https://www.progressivefoam.com/
Neopor by BASF Corporation,"212 Jasmine Blue Ct., Willis TX, 77318  ",Ron Heidt,704-307-8468,http://neopor.basf.us
HWB Ventures LLC dba Spray Foam Genie of Dallas,"2819 W Euless Blvd, Euless TX, 76040  ",Hayden Haucke,469-223-2617,https://www.sprayfoamgenie.com/spray-foam-insulation-dallas-fort-worth/
Tom Finch,"2819 W Euless Blvd, Euless TX, 76040  ",HWB Ventures LLC dba Spray Foam Genie of Dallas,469-223-2617,
"iFoam Insulation of Denton, TX","2170 Collins Rd, Denton TX, 76208  ",Justin Waggoner,469-265-3139,https://iFOAM.com/Denton-Texas
ThermaFoam Arkansas LLC,"203 S Redmond Rd, Jacksonville AR, 72076  ",Bryan Walsh,501-945-1114,https://www.thermafoamark.com/
Barricade Building Products,"10351 Verdon Road, Doswell VA, 23047  ",Darcy Overby,952-221-7025,https://barricadebp.com/
Sika RMax,"13524 Welch Rd, Dallas TX, 75244  ",Greg Kaplan,972-999-6457,https://www.rmax.com/
CQ Insulation,"1408 N Westshore Blvd Ste 500, Tampa FL, 33607  ",Bryan Bloomfield,877-843-1300,http://cqinsulation.com
Quality Insulation & Roofing,"2512 Summit Avenue, Suite 300, Plano TX, 75074  ",Duffy Frazier, 214-799-3780,http://www.qualityinsulationandroofing.com
Blue Chip Insulation,"1909 Bertram Dr, Mansfield TX, 76063  ",Yajaira Rodriguez,469-322-9555,http://www.bluechipinsulation.com
CLS Insulation,"2915 E Randol Mill Rd, Arlington TX, 76011  ",Mike Williamson,972-602-7628,http://clsinsulation.com
Texas Insulation,"1839 Ryan Rd, Dallas TX, 75220  ",April Tallman,817-424-3028,https://texasinsulation.com/
Best Insulation LLC,"12225 Triple Creek Cir, Dripping Springs TX, 78620  ",Abraham Nevarez,512-560-8714,
"Performance Spray Foam, Inc.","PO Box 556, McKinney TX, 75070-8139  ",Walter Mleczko,469-400-3315,https://dfwsprayfoam.com/
